repo_fullname,issue_url,created_date,close_date,created_by,closed_by,num_of_comments,num_of_collabos,coding_agent_usage,fixer_experience,coding_agent_bin,comments/collaborators,open-close,time_to_close,hours_to_close
alexei-led/aws-mcp-server,https://github.com/alexei-led/aws-mcp-server/issues/6,2025-04-07T07:09:50Z,2025-04-07T08:48:04Z,ekwkqk12,alexei-led,2,2,FALSE,"3,680",0,1,0,0 days 01:38:14,1.637222222
awslabs/mcp,https://github.com/awslabs/mcp/issues/403,2025-05-23T04:30:20Z,2025-07-30T01:36:12Z,niallthomson,github-actions[bot],2,2,TRUE,"98,793,796",1,1,0,67 days 21:05:52,1629.097778
rusiaaman/wcgw,https://github.com/rusiaaman/wcgw/issues/31,2025-02-14T16:13:35Z,2025-02-15T14:54:27Z,cwahlfeldt,cwahlfeldt,5,2,FALSE,"2,444",0,2.5,1,0 days 22:40:52,22.68111111
awslabs/mcp,https://github.com/awslabs/mcp/issues/134,2025-04-13T14:24:12Z,2025-04-28T16:18:41Z,wsargent,krokoko,0,2,FALSE,669,0,0,0,15 days 01:54:29,361.9080556
awslabs/mcp,https://github.com/awslabs/mcp/issues/207,2025-04-24T15:10:10Z,2025-07-22T14:36:10Z,Chmavo,Chmavo,2,3,FALSE,169,0,0.6666666667,1,88 days 23:26:00,2135.433333
awslabs/mcp,https://github.com/awslabs/mcp/issues/82,2025-04-06T17:58:30Z,2025-04-07T11:21:17Z,WPrintz,theagenticguy,1,2,FALSE,496,0,0.5,0,0 days 17:22:47,17.37972222
awslabs/mcp,https://github.com/awslabs/mcp/issues/105,2025-04-09T12:38:04Z,2025-04-16T03:40:58Z,lukasnagl,PaulVincent707,4,3,FALSE,107,0,1.333333333,0,6 days 15:02:54,159.0483333
coleam00/Archon,https://github.com/coleam00/Archon/issues/67,2025-03-16T17:33:05Z,2025-06-23T15:56:08Z,BarelElbaz,BarelElbaz,4,2,FALSE,94,0,2,1,98 days 22:23:03,2374.384167
coleam00/Archon,https://github.com/coleam00/Archon/issues/30,2025-03-03T04:37:10Z,2025-03-09T12:26:29Z,arashiyama,coleam00,6,3,FALSE,"31,853",0,2,0,6 days 07:49:19,151.8219444
BeehiveInnovations/zen-mcp-server,https://github.com/BeehiveInnovations/zen-mcp-server/issues/10,2025-06-11T15:37:29Z,2025-06-12T08:27:36Z,edgehero,edgehero,3,3,FALSE,12,0,1,1,0 days 16:50:07,16.83527778
BeehiveInnovations/zen-mcp-server,https://github.com/BeehiveInnovations/zen-mcp-server/issues/68,2025-06-17T11:55:06Z,2025-06-17T15:59:31Z,transportrefer,guidedways,15,3,FALSE,"4,419",0,5,0,0 days 04:04:25,4.073611111
MarkusPfundstein/mcp-gsuite,https://github.com/MarkusPfundstein/mcp-gsuite/issues/21,2025-03-08T13:10:49Z,2025-03-11T12:13:44Z,ryanrozich,MarkusPfundstein,0,2,FALSE,668,0,0,0,2 days 23:02:55,71.04861111
taylorwilsdon/google_workspace_mcp,https://github.com/taylorwilsdon/google_workspace_mcp/issues/31,2025-05-24T22:20:09Z,2025-05-26T12:40:43Z,unkindypie,taylorwilsdon,11,2,FALSE,"4,386",0,5.5,0,1 days 14:20:34,38.34277778
taylorwilsdon/google_workspace_mcp,https://github.com/taylorwilsdon/google_workspace_mcp/issues/36,2025-05-27T08:36:02Z,2025-06-01T23:33:53Z,MariusWilsch,taylorwilsdon,15,2,FALSE,"4,624",0,7.5,0,5 days 14:57:51,134.9641667
vivekVells/mcp-pandoc,https://github.com/vivekVells/mcp-pandoc/issues/2,2024-12-10T11:31:49Z,2024-12-27T00:16:53Z,koreyba,vivekVells,2,2,FALSE,"1,096",0,1,0,16 days 12:45:04,396.7511111
xing5/mcp-google-sheets,https://github.com/xing5/mcp-google-sheets/issues/6,2025-05-03T21:23:15Z,2025-05-06T21:33:14Z,Khair1212,Khair1212,4,3,FALSE,407,0,1.333333333,1,3 days 00:09:59,72.16638889
xing5/mcp-google-sheets,https://github.com/xing5/mcp-google-sheets/issues/17,2025-06-13T20:31:50Z,2025-06-18T00:03:15Z,bw2,xing5,1,2,FALSE,454,0,0.5,0,4 days 03:31:25,99.52361111
disler/aider-mcp-server,https://github.com/disler/aider-mcp-server/issues/9,2025-05-21T19:39:49Z,2025-05-21T19:54:55Z,plandrem,plandrem,1,1,FALSE,264,0,1,1,0 days 00:15:06,0.2516666667
awslabs/mcp,https://github.com/awslabs/mcp/issues/366,2025-05-18T03:39:09Z,2025-07-21T07:56:31Z,anti-machinee,kenliao94,5,4,TRUE,478,1,1.25,0,64 days 04:17:22,1540.289444
awslabs/mcp,https://github.com/awslabs/mcp/issues/341,2025-05-15T10:51:56Z,2025-05-18T13:22:21Z,perry-mitchell,perry-mitchell,1,1,FALSE,"13,317",0,1,1,3 days 02:30:25,74.50694444
awslabs/mcp,https://github.com/awslabs/mcp/issues/526,2025-06-05T06:20:22Z,2025-06-05T16:37:59Z,kentakozuka,scottschreckengaust,0,2,FALSE,"1,523",0,0,0,0 days 10:17:37,10.29361111
awslabs/mcp,https://github.com/awslabs/mcp/issues/517,2025-06-04T08:12:42Z,2025-06-05T21:27:08Z,Khalizo,bx9900,1,2,FALSE,52,0,0.5,0,1 days 13:14:26,37.24055556
rohitg00/kubectl-mcp-server,https://github.com/rohitg00/kubectl-mcp-server/issues/7,2025-03-28T15:30:46Z,2025-03-28T16:12:28Z,rgeraskin,rohitg00,1,2,FALSE,"1,998",0,0.5,0,0 days 00:41:42,0.695
Saik0s/mcp-browser-use,https://github.com/Saik0s/mcp-browser-use/issues/6,2025-03-13T20:25:29Z,2025-05-10T01:03:43Z,pax-k,Saik0s,12,10,FALSE,"1,263",0,1.2,0,57 days 04:38:14,1372.637222
Saik0s/mcp-browser-use,https://github.com/Saik0s/mcp-browser-use/issues/20,2025-04-18T05:38:19Z,2025-05-10T00:59:42Z,Iweisc,Saik0s,12,7,FALSE,"1,263",0,1.714285714,0,21 days 19:21:23,523.3563889
designcomputer/mysql_mcp_server,https://github.com/designcomputer/mysql_mcp_server/issues/49,2025-04-29T06:05:09Z,2025-05-30T20:45:05Z,zk123456,designcomputer,8,7,FALSE,559,0,1.142857143,0,31 days 14:39:56,758.6655556
tadata-org/fastapi_mcp,https://github.com/tadata-org/fastapi_mcp/issues/134,2025-05-10T11:33:53Z,2025-07-29T14:37:37Z,ratchanonth60,shahar4499,6,8,FALSE,736,0,0.75,0,80 days 03:03:44,1923.062222
mrexodia/ida-pro-mcp,https://github.com/mrexodia/ida-pro-mcp/issues/108,2025-07-18T03:32:54Z,2025-07-18T09:29:26Z,bu-shuo,mrexodia,2,2,FALSE,"45,527",0,1,0,0 days 05:56:32,5.942222222
tadata-org/fastapi_mcp,https://github.com/tadata-org/fastapi_mcp/issues/32,2025-04-02T13:55:47Z,2025-04-15T15:04:43Z,daidi,shira-ayal,2,3,FALSE,176,0,0.6666666667,0,13 days 01:08:56,313.1488889
tadata-org/fastapi_mcp,https://github.com/tadata-org/fastapi_mcp/issues/36,2025-04-07T02:09:07Z,2025-04-08T12:10:05Z,CyanMystery,shira-ayal,7,5,FALSE,170,0,1.4,0,1 days 10:00:58,34.01611111
RichardHan/mssql_mcp_server,https://github.com/RichardHan/mssql_mcp_server/issues/12,2025-05-21T03:28:29Z,2025-06-22T14:30:48Z,gmaggo,RichardHan,2,3,FALSE,357,0,0.6666666667,0,32 days 11:02:19,779.0386111
langchain-ai/mcpdoc,https://github.com/langchain-ai/mcpdoc/issues/25,2025-04-08T20:12:24Z,2025-04-28T18:31:22Z,salman497,eyurtsev,1,2,FALSE,"42,922",0,0.5,0,19 days 22:18:58,478.3161111
awslabs/mcp,https://github.com/awslabs/mcp/issues/949,2025-07-27T09:12:06Z,2025-07-28T17:37:37Z,jsamuel1,arnewouters,1,2,FALSE,264,0,0.5,0,1 days 08:25:31,32.42527778
awslabs/mcp,https://github.com/awslabs/mcp/issues/957,2025-07-29T01:18:29Z,2025-07-29T01:48:44Z,woogh-lguplus,woogh-lguplus,0,1,FALSE,0,0,0,1,0 days 00:30:15,0.5041666667
awslabs/mcp,https://github.com/awslabs/mcp/issues/852,2025-07-16T20:43:36Z,2025-07-24T19:03:11Z,ChapChapChou,naikvaib,1,2,FALSE,44,0,0.5,0,7 days 22:19:35,190.3263889
awslabs/mcp,https://github.com/awslabs/mcp/issues/874,2025-07-18T12:43:51Z,2025-07-29T15:24:36Z,mohitranjan2002,arnewouters,4,3,FALSE,285,0,1.333333333,0,11 days 02:40:45,266.6791667
awslabs/mcp,https://github.com/awslabs/mcp/issues/892,2025-07-21T02:33:57Z,2025-07-22T08:14:18Z,rooneyviet,PCManticore,8,2,FALSE,"65,873",0,4,0,1 days 05:40:21,29.6725
awslabs/mcp,https://github.com/awslabs/mcp/issues/465,2025-05-30T05:13:40Z,2025-05-30T16:15:55Z,Khalizo,scottschreckengaust,0,2,FALSE,"1,478",0,0,0,0 days 11:02:15,11.0375
awslabs/mcp,https://github.com/awslabs/mcp/issues/469,2025-05-30T11:37:52Z,2025-06-04T16:46:02Z,jameselsey,alexa-perlov,1,3,FALSE,667,0,0.3333333333,0,5 days 05:08:10,125.1361111
awslabs/mcp,https://github.com/awslabs/mcp/issues/482,2025-05-31T13:15:12Z,2025-06-06T17:00:50Z,eugene-burachevskiy,patrick-yu-amzn,11,7,FALSE,36,0,1.571428571,0,6 days 03:45:38,147.7605556
tadata-org/fastapi_mcp,https://github.com/tadata-org/fastapi_mcp/issues/19,2025-03-23T15:25:23Z,2025-04-10T09:51:58Z,shahar4499,shahar4499,2,2,FALSE,465,0,1,1,17 days 18:26:35,426.4430556
pipeboard-co/meta-ads-mcp,https://github.com/pipeboard-co/meta-ads-mcp/issues/4,2025-04-23T19:28:46Z,2025-05-03T12:09:31Z,nictuku,nictuku,1,1,FALSE,"7,839",0,1,1,9 days 16:40:45,232.6791667
nlweb-ai/NLWeb,https://github.com/nlweb-ai/NLWeb/issues/119,2025-05-22T02:44:37Z,2025-06-04T07:34:06Z,xuhaodev,xuhaodev,1,2,FALSE,436,0,0.5,1,13 days 04:49:29,316.8247222
pipeboard-co/meta-ads-mcp,https://github.com/pipeboard-co/meta-ads-mcp/issues/15,2025-07-06T14:17:22Z,2025-07-16T14:55:12Z,Pratham271,nictuku,6,2,FALSE,"7,957",0,3,0,10 days 00:37:50,240.6305556
majidmanzarpour/vibe-blocks-mcp,https://github.com/majidmanzarpour/vibe-blocks-mcp/issues/3,2025-05-06T18:17:21Z,2025-05-06T18:41:32Z,PandaPlayZLP,majidmanzarpour,4,2,FALSE,51,0,2,0,0 days 00:24:11,0.4030555556
ahujasid/blender-mcp,https://github.com/ahujasid/blender-mcp/issues/116,2025-05-27T10:15:08Z,2025-05-27T18:56:37Z,AbhiChikhalkar,ahujasid,0,2,FALSE,"2,070",0,0,0,0 days 08:41:29,8.691388889
anjor/coinmarket-mcp-server,https://github.com/anjor/coinmarket-mcp-server/issues/3,2025-04-05T23:46:09Z,2025-06-13T12:20:28Z,godzkaya,anjor,2,3,FALSE,"1,970",0,0.6666666667,0,68 days 12:34:19,1644.571944
opensearch-project/opensearch-mcp-server-py,https://github.com/opensearch-project/opensearch-mcp-server-py/issues/27,2025-06-06T22:17:22Z,2025-06-09T16:50:20Z,jiapingzeng,rithin-pullela-aws,0,2,FALSE,126,0,0,0,2 days 18:32:58,66.54944444
opensearch-project/opensearch-mcp-server-py,https://github.com/opensearch-project/opensearch-mcp-server-py/issues/38,2025-06-18T13:26:42Z,2025-06-26T21:23:48Z,cristid9,ylwu-amzn,1,3,FALSE,866,0,0.3333333333,0,8 days 07:57:06,199.9516667
automateyournetwork/pyATS_MCP,https://github.com/automateyournetwork/pyATS_MCP/issues/1,2025-05-19T22:14:54Z,2025-06-22T16:19:56Z,rwcrowe,automateyournetwork,2,3,FALSE,"3,051",0,0.6666666667,0,33 days 18:05:02,810.0838889
getzep/graphiti,https://github.com/getzep/graphiti/issues/321,2025-04-04T19:13:19Z,2025-04-07T21:22:28Z,ethanj,danielchalef,2,2,FALSE,"5,719",0,1,0,3 days 02:09:09,74.1525
getzep/graphiti,https://github.com/getzep/graphiti/issues/347,2025-04-11T21:05:51Z,2025-04-16T21:17:40Z,CaliLuke,danielchalef,6,3,FALSE,"5,938",0,2,0,5 days 00:11:49,120.1969444
pab1it0/adx-mcp-server,https://github.com/pab1it0/adx-mcp-server/issues/28,2025-04-03T03:08:17Z,2025-04-12T20:24:54Z,tongSurachai,pab1it0,3,2,FALSE,699,0,1.5,0,9 days 17:16:37,233.2769444
getzep/graphiti,https://github.com/getzep/graphiti/issues/450,2025-05-06T05:52:02Z,2025-05-22T02:40:23Z,ralph-burleson,danielchalef,13,7,FALSE,"6,300",0,1.857142857,0,15 days 20:48:21,380.8058333
getzep/graphiti,https://github.com/getzep/graphiti/issues/400,2025-04-26T15:15:49Z,2025-04-26T19:19:37Z,StephenBadger,StephenBadger,2,1,FALSE,0,0,2,1,0 days 04:03:48,4.063333333
getzep/graphiti,https://github.com/getzep/graphiti/issues/507,2025-05-20T11:37:40Z,2025-05-20T13:28:35Z,TechupBusiness,TechupBusiness,1,1,FALSE,152,0,1,1,0 days 01:50:55,1.848611111
getzep/graphiti,https://github.com/getzep/graphiti/issues/498,2025-05-19T15:01:37Z,2025-05-23T05:17:44Z,sk365,danielchalef,5,5,FALSE,"6,300",0,1,0,3 days 14:16:07,86.26861111
Rudra-ravi/wikipedia-mcp,https://github.com/Rudra-ravi/wikipedia-mcp/issues/4,2025-05-16T12:29:39Z,2025-05-25T05:13:39Z,ptitjes,Rudra-ravi,1,2,FALSE,87,0,0.5,0,8 days 16:44:00,208.7333333
getzep/graphiti,https://github.com/getzep/graphiti/issues/470,2025-05-12T07:24:21Z,2025-05-12T13:53:14Z,ivadenis,danielchalef,1,2,FALSE,"6,157",0,0.5,0,0 days 06:28:53,6.481388889
getzep/graphiti,https://github.com/getzep/graphiti/issues/602,2025-06-18T19:09:22Z,2025-06-18T20:40:00Z,OleksandrKucherenko,danielchalef,1,2,FALSE,"6,535",0,0.5,0,0 days 01:30:38,1.510555556
getzep/graphiti,https://github.com/getzep/graphiti/issues/778,2025-07-28T21:16:58Z,2025-07-28T21:50:55Z,signo,signo,0,1,FALSE,0,0,0,1,0 days 00:33:57,0.5658333333
getzep/graphiti,https://github.com/getzep/graphiti/issues/704,2025-07-11T02:59:22Z,2025-07-12T16:50:09Z,ciordia9,ciordia9,6,2,FALSE,3,0,3,1,1 days 13:50:47,37.84638889
cr7258/elasticsearch-mcp-server,https://github.com/cr7258/elasticsearch-mcp-server/issues/33,2025-06-25T09:58:12Z,2025-07-17T14:33:47Z,chaochenyao,cr7258,7,3,FALSE,"1,847",0,2.333333333,0,22 days 04:35:35,532.5930556
MarkusPfundstein/mcp-obsidian,https://github.com/MarkusPfundstein/mcp-obsidian/issues/68,2025-07-23T12:58:16Z,2025-07-27T14:31:48Z,neoludolph,neoludolph,0,1,FALSE,0,0,0,1,4 days 01:33:32,97.55888889
huggingface/smolagents,https://github.com/huggingface/smolagents/issues/1186,2025-04-13T14:10:51Z,2025-04-14T07:34:24Z,GeorgeCarpenter,albertvillanova,3,3,FALSE,"12,192",0,1,0,0 days 17:23:33,17.3925
netboxlabs/netbox-mcp-server,https://github.com/netboxlabs/netbox-mcp-server/issues/4,2025-03-28T13:41:57Z,2025-04-09T17:18:37Z,jkfnc,jkfnc,2,2,FALSE,1,0,1,1,12 days 03:36:40,291.6111111
pab1it0/prometheus-mcp-server,https://github.com/pab1it0/prometheus-mcp-server/issues/3,2025-04-03T09:46:12Z,2025-04-03T09:49:46Z,pab1it0,pab1it0,3,1,FALSE,653,0,3,1,0 days 00:03:34,0.05944444444
pab1it0/prometheus-mcp-server,https://github.com/pab1it0/prometheus-mcp-server/issues/32,2025-07-03T21:05:27Z,2025-07-14T13:11:55Z,makelinux,pab1it0,2,2,FALSE,878,0,1,0,10 days 16:06:28,256.1077778
pab1it0/prometheus-mcp-server,https://github.com/pab1it0/prometheus-mcp-server/issues/31,2025-07-02T09:22:12Z,2025-07-15T09:50:26Z,erganzi,pab1it0,1,2,FALSE,886,0,0.5,0,13 days 00:28:14,312.4705556
Arindam200/reddit-mcp,https://github.com/Arindam200/reddit-mcp/issues/4,2025-06-10T06:45:53Z,2025-06-23T07:46:38Z,glucn,Arindam200,1,2,FALSE,"2,388",0,0.5,0,13 days 01:00:45,313.0125
gradio-app/gradio,https://github.com/gradio-app/gradio/issues/11199,2025-05-14T21:32:19Z,2025-05-22T16:40:22Z,abidlabs,abidlabs,1,1,FALSE,"18,415",0,1,1,7 days 19:08:03,187.1341667
tumf/mcp-shell-server,https://github.com/tumf/mcp-shell-server/issues/1,2024-12-16T23:54:38Z,2024-12-22T15:16:44Z,RonAutumn,tumf,2,3,FALSE,"4,073",0,0.6666666667,0,5 days 15:22:06,135.3683333
gradio-app/gradio,https://github.com/gradio-app/gradio/issues/11464,2025-06-30T15:35:40Z,2025-07-01T09:26:53Z,freddyaboulton,freddyaboulton,0,1,FALSE,"7,784",0,0,1,0 days 17:51:13,17.85361111
mem0ai/mem0,https://github.com/mem0ai/mem0/issues/2721,2025-05-19T08:09:21Z,2025-05-19T08:51:08Z,kogodm,deshraj,3,2,FALSE,"8,997",0,1.5,0,0 days 00:41:47,0.6963888889
appwrite/mcp,https://github.com/appwrite/mcp/issues/14,2025-03-19T15:55:42Z,2025-04-11T21:38:06Z,GodOfDiamond,GodOfDiamond,4,2,FALSE,"3,056,883,289",0,2,1,23 days 05:42:24,557.7066667
mem0ai/mem0,https://github.com/mem0ai/mem0/issues/2710,2025-05-17T14:43:33Z,2025-05-22T08:27:31Z,fak111,fak111,2,2,FALSE,179,0,1,1,4 days 17:43:58,113.7327778
peakmojo/mcp-hubspot,https://github.com/peakmojo/mcp-hubspot/issues/8,2025-01-29T20:38:49Z,2025-02-08T03:27:41Z,rajAttune,rajAttune,0,1,FALSE,13,0,0,1,9 days 06:48:52,222.8144444
peakmojo/mcp-hubspot,https://github.com/peakmojo/mcp-hubspot/issues/14,2025-03-30T21:49:25Z,2025-04-20T09:34:30Z,miali88,baryhuang,1,2,FALSE,"2,458",0,0.5,0,20 days 11:45:05,491.7513889
fosdickio/binary_ninja_mcp,https://github.com/fosdickio/binary_ninja_mcp/issues/14,2025-05-27T23:05:46Z,2025-05-28T14:01:50Z,jtang613,jtang613,0,1,FALSE,140,0,0,1,0 days 14:56:04,14.93444444
yangkyeongmo/mcp-server-apache-airflow,https://github.com/yangkyeongmo/mcp-server-apache-airflow/issues/7,2025-04-10T15:50:31Z,2025-07-02T14:31:10Z,jpmc216,yangkyeongmo,4,3,FALSE,398,0,1.333333333,0,82 days 22:40:39,1990.6775
ai-zerolab/mcp-email-server,https://github.com/ai-zerolab/mcp-email-server/issues/27,2025-05-04T21:00:39Z,2025-06-04T10:22:47Z,florian-forster,Wh1isper,3,3,FALSE,"1,681",0,1,0,30 days 13:22:08,733.3688889
RamXX/mcp-tavily,https://github.com/RamXX/mcp-tavily/issues/11,2025-04-30T19:49:01Z,2025-06-17T01:46:54Z,Song-Jeong-Sik,RamXX,2,2,FALSE,563,0,1,0,47 days 05:57:53,1133.964722
databrickslabs/mcp,https://github.com/databrickslabs/mcp/issues/28,2025-05-16T06:27:07Z,2025-05-19T16:28:47Z,vkolehmainen,renardeinside,4,3,FALSE,"4,293",0,1.333333333,0,3 days 10:01:40,82.02777778
huggingface/smolagents,https://github.com/huggingface/smolagents/issues/1085,2025-03-27T06:16:16Z,2025-03-28T06:40:56Z,grll,albertvillanova,0,2,FALSE,"12,050",0,0,0,1 days 00:24:40,24.41111111
mem0ai/mem0,https://github.com/mem0ai/mem0/issues/2998,2025-06-20T13:24:13Z,2025-06-25T16:48:24Z,az49xcl,prateekchhikara,1,3,FALSE,"1,417",0,0.3333333333,0,5 days 03:24:11,123.4030556
rohitg00/kubectl-mcp-server,https://github.com/rohitg00/kubectl-mcp-server/issues/5,2025-03-28T12:06:46Z,2025-03-28T23:26:13Z,IanMoroney,rohitg00,5,2,FALSE,"1,998",0,2.5,0,0 days 11:19:27,11.32416667
getzep/graphiti,https://github.com/getzep/graphiti/issues/629,2025-06-26T08:45:33Z,2025-06-27T22:30:39Z,soberyyz,danielchalef,1,2,FALSE,"6,782",0,0.5,0,1 days 13:45:06,37.75166667
alexander-zuev/supabase-mcp-server,https://github.com/alexander-zuev/supabase-mcp-server/issues/63,2025-03-19T18:36:21Z,2025-04-03T13:58:17Z,leadscope333,alexander-zuev,1,2,FALSE,"1,196",0,0.5,0,14 days 19:21:56,355.3655556
coleam00/mcp-crawl4ai-rag,https://github.com/coleam00/mcp-crawl4ai-rag/issues/26,2025-05-30T15:17:41Z,2025-06-05T15:37:44Z,himanshumirchandani05,coleam00,4,3,FALSE,"33,871",0,1.333333333,0,6 days 00:20:03,144.3341667
basicmachines-co/basic-memory,https://github.com/basicmachines-co/basic-memory/issues/190,2025-06-27T16:46:55Z,2025-07-01T15:50:45Z,vk2r,groksrc,4,3,FALSE,432,0,1.333333333,0,3 days 23:03:50,95.06388889
alexander-zuev/supabase-mcp-server,https://github.com/alexander-zuev/supabase-mcp-server/issues/14,2025-02-26T05:55:10Z,2025-02-26T13:50:33Z,agape-apps,alexander-zuev,5,2,FALSE,968,0,2.5,0,0 days 07:55:23,7.923055556
doobidoo/mcp-memory-service,https://github.com/doobidoo/mcp-memory-service/issues/18,2025-03-30T19:50:58Z,2025-04-07T17:22:55Z,chicago-joe,doobidoo,3,2,FALSE,695,0,1.5,0,7 days 21:31:57,189.5325
basicmachines-co/basic-memory,https://github.com/basicmachines-co/basic-memory/issues/74,2025-04-03T16:04:23Z,2025-04-06T03:28:23Z,CaydeLKC,phernandez,8,4,TRUE,303,1,2,0,2 days 11:24:00,59.4
alexander-zuev/supabase-mcp-server,https://github.com/alexander-zuev/supabase-mcp-server/issues/13,2025-02-25T10:30:20Z,2025-02-26T07:47:12Z,DevGuyRash,alexander-zuev,11,2,FALSE,968,0,5.5,0,0 days 21:16:52,21.28111111
elevenlabs/elevenlabs-mcp,https://github.com/elevenlabs/elevenlabs-mcp/issues/18,2025-04-08T02:02:46Z,2025-04-08T23:23:25Z,sumeetpardeshi,sumeetpardeshi,2,2,FALSE,53,0,1,1,0 days 21:20:39,21.34416667
elevenlabs/elevenlabs-mcp,https://github.com/elevenlabs/elevenlabs-mcp/issues/43,2025-06-19T23:43:25Z,2025-07-11T14:48:13Z,driuqzy,PaulAsjes,8,4,FALSE,838,0,2,0,21 days 15:04:48,519.08
alexander-zuev/supabase-mcp-server,https://github.com/alexander-zuev/supabase-mcp-server/issues/28,2025-03-03T07:24:24Z,2025-03-08T01:51:09Z,hqman,alexander-zuev,15,3,FALSE,"1,110",0,5,0,4 days 18:26:45,114.4458333
rohitg00/kubectl-mcp-server,https://github.com/rohitg00/kubectl-mcp-server/issues/14,2025-05-04T10:09:29Z,2025-05-06T14:51:26Z,kaafivikrant,rohitg00,5,2,FALSE,"2,054",0,2.5,0,2 days 04:41:57,52.69916667
alexander-zuev/supabase-mcp-server,https://github.com/alexander-zuev/supabase-mcp-server/issues/64,2025-03-21T12:13:26Z,2025-04-03T13:58:02Z,TheMikeyRoss,alexander-zuev,2,3,FALSE,"1,196",0,0.6666666667,0,13 days 01:44:36,313.7433333
rusiaaman/wcgw,https://github.com/rusiaaman/wcgw/issues/67,2025-06-14T18:32:04Z,2025-06-17T05:31:37Z,myaiintegration,rusiaaman,2,2,FALSE,"1,032",0,1,0,2 days 10:59:33,58.9925
vivekVells/mcp-pandoc,https://github.com/vivekVells/mcp-pandoc/issues/18,2025-05-17T21:35:04Z,2025-05-18T19:20:18Z,Nucleon729,vivekVells,5,2,FALSE,"1,139",0,2.5,0,0 days 21:45:14,21.75388889
pipeboard-co/meta-ads-mcp,https://github.com/pipeboard-co/meta-ads-mcp/issues/13,2025-06-16T18:39:05Z,2025-06-17T08:58:22Z,rdemianchuk,rdemianchuk,1,1,FALSE,49,0,1,1,0 days 14:19:17,14.32138889
basicmachines-co/basic-memory,https://github.com/basicmachines-co/basic-memory/issues/37,2025-03-20T21:24:56Z,2025-03-25T02:59:40Z,ryanstraight,phernandez,4,2,FALSE,267,0,2,0,4 days 05:34:44,101.5788889
oraios/serena,https://github.com/oraios/serena/issues/27,2025-04-05T15:22:55Z,2025-04-10T19:02:52Z,shyraptor,MischaPanch,3,2,FALSE,"2,848",0,1.5,0,5 days 03:39:57,123.6658333
voska/hass-mcp,https://github.com/voska/hass-mcp/issues/7,2025-05-27T11:56:48Z,2025-05-27T12:13:52Z,snaiws,snaiws,2,2,FALSE,653,0,1,1,0 days 00:17:04,0.2844444444
basicmachines-co/basic-memory,https://github.com/basicmachines-co/basic-memory/issues/216,2025-07-08T23:59:17Z,2025-07-16T20:49:18Z,OtterEngineer,phernandez,2,2,FALSE,525,0,1,0,7 days 20:50:01,188.8336111
MarkusPfundstein/mcp-gsuite,https://github.com/MarkusPfundstein/mcp-gsuite/issues/6,2024-12-03T22:12:37Z,2025-03-11T12:30:47Z,Colmea,MarkusPfundstein,3,2,FALSE,668,0,1.5,0,97 days 14:18:10,2342.302778
BeehiveInnovations/zen-mcp-server,https://github.com/BeehiveInnovations/zen-mcp-server/issues/77,2025-06-18T20:54:23Z,2025-06-19T01:12:59Z,renfredxh,guidedways,8,7,FALSE,"4,749",0,1.142857143,0,0 days 04:18:36,4.31
pab1it0/prometheus-mcp-server,https://github.com/pab1it0/prometheus-mcp-server/issues/2,2025-04-03T08:01:54Z,2025-06-14T23:36:42Z,flenoir,pab1it0,0,2,FALSE,845,0,0,0,72 days 15:34:48,1743.58
huggingface/smolagents,https://github.com/huggingface/smolagents/issues/1087,2025-03-27T07:41:05Z,2025-03-27T09:31:45Z,Rhett-Ying,albertvillanova,1,2,FALSE,"12,023",0,0.5,0,0 days 01:50:40,1.844444444
basicmachines-co/basic-memory,https://github.com/basicmachines-co/basic-memory/issues/108,2025-04-22T10:11:32Z,2025-06-12T03:18:48Z,GrindamN,phernandez,4,3,FALSE,447,0,1.333333333,0,50 days 17:07:16,1217.121111
vivekVells/mcp-pandoc,https://github.com/vivekVells/mcp-pandoc/issues/15,2025-04-02T05:18:07Z,2025-06-28T00:31:14Z,104bertchen,vivekVells,2,2,FALSE,"1,150",0,1,0,86 days 19:13:07,2083.218611
Rudra-ravi/wikipedia-mcp,https://github.com/Rudra-ravi/wikipedia-mcp/issues/10,2025-07-11T07:04:07Z,2025-07-11T14:00:41Z,gorbypark,Rudra-ravi,3,2,FALSE,123,0,1.5,0,0 days 06:56:34,6.942777778
rusiaaman/wcgw,https://github.com/rusiaaman/wcgw/issues/77,2025-07-23T12:20:42Z,2025-07-23T18:44:40Z,franlerma,franlerma,3,2,FALSE,79,0,1.5,1,0 days 06:23:58,6.399444444
oraios/serena,https://github.com/oraios/serena/issues/26,2025-04-05T15:21:29Z,2025-04-06T18:47:03Z,shyraptor,MischaPanch,3,2,FALSE,"2,592",0,1.5,0,1 days 03:25:34,27.42611111
BeehiveInnovations/zen-mcp-server,https://github.com/BeehiveInnovations/zen-mcp-server/issues/149,2025-06-27T15:14:30Z,2025-06-28T15:23:28Z,yhs4260,yhs4260,2,2,FALSE,0,0,1,1,1 days 00:08:58,24.14944444
elevenlabs/elevenlabs-mcp,https://github.com/elevenlabs/elevenlabs-mcp/issues/16,2025-04-07T21:23:07Z,2025-04-08T01:50:19Z,yanislu,louisjoecodes,1,2,FALSE,"1,428",0,0.5,0,0 days 04:27:12,4.453333333
BeehiveInnovations/zen-mcp-server,https://github.com/BeehiveInnovations/zen-mcp-server/issues/61,2025-06-16T13:12:01Z,2025-06-16T13:38:14Z,skerit,guidedways,2,2,FALSE,"4,298",0,1,0,0 days 00:26:13,0.4369444444
rusiaaman/wcgw,https://github.com/rusiaaman/wcgw/issues/60,2025-05-08T15:57:23Z,2025-05-11T18:44:57Z,gatusmart,rusiaaman,1,2,FALSE,"1,009",0,0.5,0,3 days 02:47:34,74.79277778
rusiaaman/wcgw,https://github.com/rusiaaman/wcgw/issues/50,2025-04-01T19:08:10Z,2025-04-02T03:51:11Z,cmann50,rusiaaman,3,4,FALSE,905,0,0.75,0,0 days 08:43:01,8.716944444
BeehiveInnovations/zen-mcp-server,https://github.com/BeehiveInnovations/zen-mcp-server/issues/32,2025-06-13T16:02:29Z,2025-06-14T07:36:33Z,hfboogie,guidedways,3,2,FALSE,"3,497",0,1.5,0,0 days 15:34:04,15.56777778
doobidoo/mcp-memory-service,https://github.com/doobidoo/mcp-memory-service/issues/46,2025-06-09T03:27:29Z,2025-06-30T21:18:03Z,stirelli,doobidoo,2,2,FALSE,"1,071",0,1,0,21 days 17:50:34,521.8427778
BeehiveInnovations/zen-mcp-server,https://github.com/BeehiveInnovations/zen-mcp-server/issues/28,2025-06-13T12:27:56Z,2025-06-13T20:29:29Z,mulyoved,guidedways,3,3,FALSE,"3,089",0,1,0,0 days 08:01:33,8.025833333
oraios/serena,https://github.com/oraios/serena/issues/323,2025-07-21T02:53:53Z,2025-07-22T21:24:59Z,DerekChan65535,MischaPanch,8,8,FALSE,"6,501",0,1,0,1 days 18:31:06,42.51833333
BeehiveInnovations/zen-mcp-server,https://github.com/BeehiveInnovations/zen-mcp-server/issues/135,2025-06-24T16:44:32Z,2025-06-24T17:01:13Z,mikhailramalho,mikhailramalho,2,1,FALSE,"48,737",0,2,1,0 days 00:16:41,0.2780555556
carterlasalle/mac_messages_mcp,https://github.com/carterlasalle/mac_messages_mcp/issues/7,2025-05-31T17:08:43Z,2025-06-28T16:31:21Z,adamanz,carterlasalle,4,4,FALSE,987,0,1,0,27 days 23:22:38,671.3772222
vinayak-mehta/mcp-browser-use,https://github.com/vinayak-mehta/mcp-browser-use/issues/2,2025-03-16T17:29:13Z,2025-03-17T18:43:18Z,Romaindujardin,vinayak-mehta,4,3,FALSE,"11,955",0,1.333333333,0,1 days 01:14:05,25.23472222
rusiaaman/wcgw,https://github.com/rusiaaman/wcgw/issues/71,2025-06-27T06:59:41Z,2025-06-27T08:16:56Z,danielepolencic,rusiaaman,3,2,FALSE,"1,040",0,1.5,0,0 days 01:17:15,1.2875
redis/mcp-redis,https://github.com/redis/mcp-redis/issues/6,2025-04-24T23:26:23Z,2025-04-25T06:59:13Z,bangbingsyb,mortensi,1,2,FALSE,447,0,0.5,0,0 days 07:32:50,7.547222222
MarkusPfundstein/mcp-gsuite,https://github.com/MarkusPfundstein/mcp-gsuite/issues/12,2024-12-17T18:19:06Z,2024-12-21T17:17:44Z,ibehnam,ibehnam,2,2,FALSE,714,0,1,1,3 days 22:58:38,94.97722222
basicmachines-co/basic-memory,https://github.com/basicmachines-co/basic-memory/issues/36,2025-03-19T22:11:06Z,2025-03-25T02:59:40Z,Narsail,phernandez,2,2,FALSE,267,0,1,0,5 days 04:48:34,124.8094444
mem0ai/mem0,https://github.com/mem0ai/mem0/issues/3011,2025-06-22T05:59:30Z,2025-06-25T07:52:42Z,totaland,deshraj,1,2,FALSE,"9,024",0,0.5,0,3 days 01:53:12,73.88666667
chroma-core/chroma-mcp,https://github.com/chroma-core/chroma-mcp/issues/40,2025-07-04T08:54:10Z,2025-07-28T17:20:49Z,nealrauhauser,jairad26,2,2,FALSE,"1,161",0,1,0,24 days 08:26:39,584.4441667
echelon-ai-labs/servicenow-mcp,https://github.com/echelon-ai-labs/servicenow-mcp/issues/22,2025-04-18T13:55:56Z,2025-04-18T13:56:45Z,dvdmelamed,dvdmelamed,1,1,FALSE,302,0,1,1,0 days 00:00:49,0.01361111111
ahujasid/blender-mcp,https://github.com/ahujasid/blender-mcp/issues/35,2025-03-14T22:31:43Z,2025-03-14T22:32:36Z,akulkarni7a,akulkarni7a,0,1,FALSE,256,0,0,1,0 days 00:00:53,0.01472222222
ahujasid/blender-mcp,https://github.com/ahujasid/blender-mcp/issues/93,2025-04-01T21:10:09Z,2025-04-03T21:12:10Z,artus-LYTiQ,ahujasid,1,2,FALSE,"2,010",0,0.5,0,2 days 00:02:01,48.03361111
blazickjp/web-browser-mcp-server,https://github.com/blazickjp/web-browser-mcp-server/issues/5,2025-02-27T06:10:58Z,2025-03-05T19:38:02Z,HarryK4673,blazickjp,1,3,FALSE,589,0,0.3333333333,0,6 days 13:27:04,157.4511111
rishikavikondala/mcp-server-aws,https://github.com/rishikavikondala/mcp-server-aws/issues/7,2025-04-15T10:39:50Z,2025-04-17T13:54:11Z,aadarshjain-dev,aadarshjain-dev,2,2,FALSE,30,0,1,1,2 days 03:14:21,51.23916667
ezyang/codemcp,https://github.com/ezyang/codemcp/issues/6,2025-03-12T02:57:09Z,2025-03-13T18:30:33Z,ezyang,ezyang,1,1,FALSE,"398,940",0,1,1,1 days 15:33:24,39.55666667
ezyang/codemcp,https://github.com/ezyang/codemcp/issues/51,2025-03-14T03:05:30Z,2025-03-14T03:09:14Z,fraschm1998,fraschm1998,3,2,FALSE,32,0,1.5,1,0 days 00:03:44,0.06222222222
oraios/serena,https://github.com/oraios/serena/issues/87,2025-04-24T15:45:43Z,2025-06-08T10:34:31Z,MischaPanch,MischaPanch,6,2,FALSE,"4,817",0,3,1,44 days 18:48:48,1074.813333
ahujasid/blender-mcp,https://github.com/ahujasid/blender-mcp/issues/25,2025-03-14T10:21:56Z,2025-03-14T13:04:49Z,liuluo129,ahujasid,3,4,FALSE,"1,369",0,0.75,0,0 days 02:42:53,2.714722222
ahujasid/blender-mcp,https://github.com/ahujasid/blender-mcp/issues/2,2025-03-12T02:50:56Z,2025-03-12T09:52:35Z,soederpop,ahujasid,26,13,FALSE,"1,048",0,2,0,0 days 07:01:39,7.0275
zinja-coder/jadx-mcp-server,https://github.com/zinja-coder/jadx-mcp-server/issues/2,2025-04-16T09:21:54Z,2025-05-04T07:34:18Z,privacyguy123,zinja-coder,2,2,FALSE,477,0,1,0,17 days 22:12:24,430.2066667
oraios/serena,https://github.com/oraios/serena/issues/94,2025-04-25T21:31:51Z,2025-04-25T22:21:52Z,th1ks,th1ks,0,1,FALSE,0,0,0,1,0 days 00:50:01,0.8336111111
ravinahp/flights-mcp,https://github.com/ravinahp/flights-mcp/issues/15,2025-03-28T19:58:47Z,2025-03-28T23:29:38Z,tysontitensor,tysontitensor,0,1,FALSE,2,0,0,1,0 days 03:30:51,3.514166667
tadata-org/fastapi_mcp,https://github.com/tadata-org/fastapi_mcp/issues/127,2025-05-01T10:23:56Z,2025-05-05T17:21:47Z,dharam1291,dharam1291,3,2,FALSE,69,0,1.5,1,4 days 06:57:51,102.9641667
basicmachines-co/basic-memory,https://github.com/basicmachines-co/basic-memory/issues/215,2025-07-08T23:55:45Z,2025-07-16T20:47:10Z,OtterEngineer,phernandez,7,3,FALSE,525,0,2.333333333,0,7 days 20:51:25,188.8569444
ahujasid/blender-mcp,https://github.com/ahujasid/blender-mcp/issues/3,2025-03-12T03:33:45Z,2025-03-12T05:32:00Z,Gamedesigner,ahujasid,5,2,FALSE,"1,048",0,2.5,0,0 days 01:58:15,1.970833333
motherduckdb/mcp-server-motherduck,https://github.com/motherduckdb/mcp-server-motherduck/issues/6,2025-03-10T23:55:42Z,2025-03-15T09:48:46Z,Gopi30k,tdoehmen,8,5,FALSE,"2,352",0,1.6,0,4 days 09:53:04,105.8844444
runekaagaard/mcp-alchemy,https://github.com/runekaagaard/mcp-alchemy/issues/20,2025-04-23T12:12:30Z,2025-04-23T18:03:04Z,theimpostor,theimpostor,5,2,FALSE,"1,497",0,2.5,1,0 days 05:50:34,5.842777778
mem0ai/mem0,https://github.com/mem0ai/mem0/issues/2695,2025-05-15T13:13:57Z,2025-05-16T10:27:48Z,Afstkla,whysosaket,17,18,FALSE,"2,804",0,0.9444444444,0,0 days 21:13:51,21.23083333
matthewhand/mcp-openapi-proxy,https://github.com/matthewhand/mcp-openapi-proxy/issues/5,2025-03-27T11:03:28Z,2025-04-25T13:12:48Z,nilei,nilei,8,2,FALSE,262,0,4,1,29 days 02:09:20,698.1555556
rinadelph/Agent-MCP,https://github.com/rinadelph/Agent-MCP/issues/32,2025-07-12T21:21:45Z,2025-07-14T17:32:53Z,AstroMined,rinadelph,1,2,FALSE,407,0,0.5,0,1 days 20:11:08,44.18555556
mem0ai/mem0,https://github.com/mem0ai/mem0/issues/2942,2025-06-11T00:31:07Z,2025-06-24T12:49:12Z,robotparty,akshat1423,1,2,FALSE,427,0,0.5,0,13 days 12:18:05,324.3013889
tonyzorin/youtrack-mcp,https://github.com/tonyzorin/youtrack-mcp/issues/3,2025-05-06T10:26:48Z,2025-07-16T21:56:31Z,gabe777,tonyzorin,5,3,FALSE,260,0,1.666666667,0,71 days 11:29:43,1715.495278
haris-musa/excel-mcp-server,https://github.com/haris-musa/excel-mcp-server/issues/36,2025-05-22T14:35:11Z,2025-05-22T15:06:02Z,ckelsoe,ckelsoe,2,2,FALSE,"4,006,035,086",0,1,1,0 days 00:30:51,0.5141666667
rohitg00/kubectl-mcp-server,https://github.com/rohitg00/kubectl-mcp-server/issues/16,2025-05-06T20:44:47Z,2025-05-25T18:59:26Z,kaafivikrant,rohitg00,1,2,FALSE,"2,126",0,0.5,0,18 days 22:14:39,454.2441667
haris-musa/excel-mcp-server,https://github.com/haris-musa/excel-mcp-server/issues/6,2025-04-02T22:03:33Z,2025-05-20T09:57:24Z,santomaharaj,haris-musa,8,5,FALSE,258,0,1.6,0,47 days 11:53:51,1139.8975
neka-nat/freecad-mcp,https://github.com/neka-nat/freecad-mcp/issues/10,2025-05-01T10:05:40Z,2025-05-01T13:40:02Z,sakrish205,neka-nat,1,2,FALSE,"3,693",0,0.5,0,0 days 03:34:22,3.572777778
samuelgursky/davinci-resolve-mcp,https://github.com/samuelgursky/davinci-resolve-mcp/issues/2,2025-03-22T20:04:40Z,2025-03-28T02:41:27Z,ivberg,samuelgursky,7,2,FALSE,118,0,3.5,0,5 days 06:36:47,126.6130556
rohitg00/kubectl-mcp-server,https://github.com/rohitg00/kubectl-mcp-server/issues/9,2025-03-28T21:15:41Z,2025-05-06T14:51:42Z,xxradar,rohitg00,6,4,FALSE,"2,054",0,1.5,0,38 days 17:36:01,929.6002778
ahujasid/ableton-mcp,https://github.com/ahujasid/ableton-mcp/issues/10,2025-03-25T13:33:58Z,2025-03-25T13:56:51Z,Molnfront,ahujasid,3,2,FALSE,"1,858",0,1.5,0,0 days 00:22:53,0.3813888889
ahujasid/blender-mcp,https://github.com/ahujasid/blender-mcp/issues/12,2025-03-12T17:38:25Z,2025-03-13T07:01:59Z,gitgoap,ahujasid,5,2,FALSE,"1,269",0,2.5,0,0 days 13:23:34,13.39277778
oraios/serena,https://github.com/oraios/serena/issues/19,2025-04-04T00:37:21Z,2025-04-10T18:59:52Z,shyraptor,MischaPanch,2,2,FALSE,"2,848",0,1,0,6 days 18:22:31,162.3752778
pab1it0/prometheus-mcp-server,https://github.com/pab1it0/prometheus-mcp-server/issues/20,2025-05-20T15:12:57Z,2025-06-01T11:38:49Z,pieterv-icloud-com,pab1it0,1,3,FALSE,839,0,0.3333333333,0,11 days 20:25:52,284.4311111
blazickjp/arxiv-mcp-server,https://github.com/blazickjp/arxiv-mcp-server/issues/33,2025-05-15T09:51:36Z,2025-06-06T01:42:38Z,danielbrown-se,blazickjp,2,3,FALSE,649,0,0.6666666667,0,21 days 15:51:02,519.8505556
gradio-app/gradio,https://github.com/gradio-app/gradio/issues/11225,2025-05-20T03:47:35Z,2025-05-21T16:08:23Z,kauabh,abidlabs,4,3,FALSE,"18,413",0,1.333333333,0,1 days 12:20:48,36.34666667
awslabs/mcp,https://github.com/awslabs/mcp/issues/340,2025-05-15T02:30:10Z,2025-05-15T15:26:27Z,anhuaxiang,alexa-perlov,1,3,FALSE,562,0,0.3333333333,0,0 days 12:56:17,12.93805556
alexander-zuev/supabase-mcp-server,https://github.com/alexander-zuev/supabase-mcp-server/issues/11,2025-02-25T03:44:16Z,2025-02-25T06:58:03Z,jrenaldi79,alexander-zuev,4,2,FALSE,913,0,2,0,0 days 03:13:47,3.229722222
awslabs/mcp,https://github.com/awslabs/mcp/issues/564,2025-06-10T19:40:16Z,2025-06-11T16:55:33Z,jstrunk,scottschreckengaust,1,3,FALSE,"1,599",0,0.3333333333,0,0 days 21:15:17,21.25472222
awslabs/mcp,https://github.com/awslabs/mcp/issues/727,2025-07-02T20:07:37Z,2025-07-25T17:20:11Z,dannysteenman,alexa-perlov,1,3,FALSE,730,0,0.3333333333,0,22 days 21:12:34,549.2094444
awslabs/mcp,https://github.com/awslabs/mcp/issues/875,2025-07-18T13:13:52Z,2025-07-21T08:31:36Z,gmuslia,PCManticore,3,3,FALSE,"65,873",0,1,0,2 days 19:17:44,67.29555556
gradio-app/gradio,https://github.com/gradio-app/gradio/issues/11219,2025-05-17T20:44:11Z,2025-05-21T16:08:23Z,mqian-coding,abidlabs,1,2,FALSE,"18,413",0,0.5,0,3 days 19:24:12,91.40333333
huggingface/smolagents,https://github.com/huggingface/smolagents/issues/1284,2025-05-02T12:26:33Z,2025-05-02T12:57:54Z,albertvillanova,albertvillanova,0,1,FALSE,"12,315",0,0,1,0 days 00:31:21,0.5225
tadata-org/fastapi_mcp,https://github.com/tadata-org/fastapi_mcp/issues/8,2025-03-18T14:50:48Z,2025-03-20T10:45:34Z,dexhunter,shahar4499,3,4,FALSE,165,0,0.75,0,1 days 19:54:46,43.91277778
tadata-org/fastapi_mcp,https://github.com/tadata-org/fastapi_mcp/issues/45,2025-04-09T13:00:47Z,2025-04-10T16:00:45Z,ldesomer,ldesomer,1,1,FALSE,0,0,1,1,1 days 02:59:58,26.99944444
tadata-org/fastapi_mcp,https://github.com/tadata-org/fastapi_mcp/issues/41,2025-04-08T09:08:00Z,2025-04-09T09:59:16Z,yarnabrina,shira-ayal,3,2,FALSE,176,0,1.5,0,1 days 00:51:16,24.85444444
tadata-org/fastapi_mcp,https://github.com/tadata-org/fastapi_mcp/issues/40,2025-04-08T08:20:35Z,2025-04-10T15:55:30Z,aquastartw,shahar4499,2,3,FALSE,465,0,0.6666666667,0,2 days 07:34:55,55.58194444
tadata-org/fastapi_mcp,https://github.com/tadata-org/fastapi_mcp/issues/30,2025-04-01T03:25:22Z,2025-04-01T09:02:44Z,jihun-im-open,shira-ayal,1,2,FALSE,142,0,0.5,0,0 days 05:37:22,5.622777778
alexander-zuev/supabase-mcp-server,https://github.com/alexander-zuev/supabase-mcp-server/issues/29,2025-03-03T18:28:05Z,2025-03-09T23:36:35Z,MariusWilsch,alexander-zuev,3,3,FALSE,"1,154",0,1,0,6 days 05:08:30,149.1416667
tadata-org/fastapi_mcp,https://github.com/tadata-org/fastapi_mcp/issues/25,2025-03-28T10:32:22Z,2025-04-06T08:47:51Z,hoshinohikari,shira-ayal,3,3,FALSE,170,0,1,0,8 days 22:15:29,214.2580556
tadata-org/fastapi_mcp,https://github.com/tadata-org/fastapi_mcp/issues/106,2025-04-23T00:57:07Z,2025-04-24T15:12:24Z,kingmming,kingmming,6,2,FALSE,0,0,3,1,1 days 14:15:17,38.25472222
tadata-org/fastapi_mcp,https://github.com/tadata-org/fastapi_mcp/issues/99,2025-04-22T16:21:33Z,2025-04-23T08:29:28Z,ElieTaillard,shira-ayal,4,4,FALSE,209,0,1,0,0 days 16:07:55,16.13194444
tadata-org/fastapi_mcp,https://github.com/tadata-org/fastapi_mcp/issues/94,2025-04-22T11:09:29Z,2025-04-23T09:07:49Z,devspacenine,shira-ayal,1,2,FALSE,209,0,0.5,0,0 days 21:58:20,21.97222222
tadata-org/fastapi_mcp,https://github.com/tadata-org/fastapi_mcp/issues/88,2025-04-21T08:58:05Z,2025-05-09T01:53:48Z,Lost-Temple,Lost-Temple,2,2,FALSE,681,0,1,1,17 days 16:55:43,424.9286111
mrexodia/ida-pro-mcp,https://github.com/mrexodia/ida-pro-mcp/issues/101,2025-07-01T09:19:28Z,2025-07-01T23:49:50Z,n1trated,mrexodia,0,2,FALSE,"45,493",0,0,0,0 days 14:30:22,14.50611111
tadata-org/fastapi_mcp,https://github.com/tadata-org/fastapi_mcp/issues/82,2025-04-19T14:32:04Z,2025-04-22T15:15:58Z,jsulopzs,shira-ayal,6,4,FALSE,201,0,1.5,0,3 days 00:43:54,72.73166667
tadata-org/fastapi_mcp,https://github.com/tadata-org/fastapi_mcp/issues/71,2025-04-16T15:14:41Z,2025-04-20T15:48:10Z,amararun,shira-ayal,4,3,FALSE,192,0,1.333333333,0,4 days 00:33:29,96.55805556
tadata-org/fastapi_mcp,https://github.com/tadata-org/fastapi_mcp/issues/161,2025-06-06T23:13:50Z,2025-06-11T19:00:09Z,combiz,combiz,2,2,FALSE,770,0,1,1,4 days 19:46:19,115.7719444
tadata-org/fastapi_mcp,https://github.com/tadata-org/fastapi_mcp/issues/198,2025-07-11T16:59:11Z,2025-07-20T13:56:26Z,musoles,shahar4499,3,3,FALSE,660,0,1,0,8 days 20:57:15,212.9541667
basicmachines-co/basic-memory,https://github.com/basicmachines-co/basic-memory/issues/204,2025-07-02T05:16:37Z,2025-07-16T20:44:22Z,vk2r,phernandez,3,3,FALSE,525,0,1,0,14 days 15:27:45,351.4625
alexander-zuev/supabase-mcp-server,https://github.com/alexander-zuev/supabase-mcp-server/issues/57,2025-03-13T02:15:07Z,2025-04-03T13:57:47Z,boognish24,alexander-zuev,14,7,FALSE,"1,196",0,2,0,21 days 11:42:40,515.7111111
alexander-zuev/supabase-mcp-server,https://github.com/alexander-zuev/supabase-mcp-server/issues/58,2025-03-13T16:38:49Z,2025-04-03T13:58:27Z,gurbirkalsi,alexander-zuev,14,5,FALSE,"1,196",0,2.8,0,20 days 21:19:38,501.3272222
tadata-org/fastapi_mcp,https://github.com/tadata-org/fastapi_mcp/issues/107,2025-04-23T01:34:05Z,2025-04-23T08:28:55Z,kingmming,shira-ayal,1,2,FALSE,209,0,0.5,0,0 days 06:54:50,6.913888889
awslabs/mcp,https://github.com/awslabs/mcp/issues/84,2025-04-07T14:33:02Z,2025-04-07T18:40:05Z,trevorspires,theagenticguy,2,2,FALSE,496,0,1,0,0 days 04:07:03,4.1175
langchain-ai/mcpdoc,https://github.com/langchain-ai/mcpdoc/issues/17,2025-03-28T17:28:09Z,2025-03-31T15:43:57Z,deanchanter,eyurtsev,1,2,FALSE,"42,734",0,0.5,0,2 days 22:15:48,70.26333333
basicmachines-co/basic-memory,https://github.com/basicmachines-co/basic-memory/issues/226,2025-07-12T03:15:31Z,2025-07-13T02:34:33Z,jpmurray,jpmurray,3,3,TRUE,"7,718",1,1,1,0 days 23:19:02,23.31722222
basicmachines-co/basic-memory,https://github.com/basicmachines-co/basic-memory/issues/148,2025-06-19T14:54:53Z,2025-06-20T15:48:45Z,ryanstraight,phernandez,3,3,TRUE,478,1,1,0,1 days 00:53:52,24.89777778
basicmachines-co/basic-memory,https://github.com/basicmachines-co/basic-memory/issues/144,2025-06-18T14:04:31Z,2025-06-18T22:10:16Z,jviningsli,phernandez,2,3,TRUE,461,1,0.6666666667,0,0 days 08:05:45,8.095833333
pipeboard-co/meta-ads-mcp,https://github.com/pipeboard-co/meta-ads-mcp/issues/16,2025-07-10T08:54:04Z,2025-07-22T15:16:29Z,praveen92y,nictuku,7,4,FALSE,"7,997",0,1.75,0,12 days 06:22:25,294.3736111
PrefectHQ/marvin,https://github.com/PrefectHQ/marvin/issues/1142,2025-05-22T20:52:27Z,2025-05-23T05:56:11Z,wreed4,zzstoatzz,3,2,FALSE,"12,044",0,1.5,0,0 days 09:03:44,9.062222222
getzep/graphiti,https://github.com/getzep/graphiti/issues/510,2025-05-21T07:30:37Z,2025-05-22T04:25:03Z,OleksandrKucherenko,danielchalef,4,4,FALSE,"6,300",0,1,0,0 days 20:54:26,20.90722222
dbt-labs/dbt-mcp,https://github.com/dbt-labs/dbt-mcp/issues/178,2025-06-18T12:46:00Z,2025-07-08T18:02:56Z,moltar,DevonFulcher,3,3,FALSE,"1,135",0,1,0,20 days 05:16:56,485.2822222
motherduckdb/mcp-server-motherduck,https://github.com/motherduckdb/mcp-server-motherduck/issues/19,2025-04-30T16:22:04Z,2025-06-05T17:38:37Z,yan-hic,tdoehmen,3,2,FALSE,"2,469",0,1.5,0,36 days 01:16:33,865.2758333
google/mcp-security,https://github.com/google/mcp-security/issues/75,2025-05-20T21:13:23Z,2025-05-23T09:11:11Z,BenPerel,BenPerel,1,1,FALSE,1,0,1,1,2 days 11:57:48,59.96333333
google/mcp-security,https://github.com/google/mcp-security/issues/77,2025-05-20T23:50:10Z,2025-05-23T09:11:31Z,BenPerel,BenPerel,1,1,FALSE,1,0,1,1,2 days 09:21:21,57.35583333
xing5/mcp-google-sheets,https://github.com/xing5/mcp-google-sheets/issues/7,2025-05-05T13:59:40Z,2025-05-28T06:30:45Z,KohlHammond,xing5,6,4,FALSE,454,0,1.5,0,22 days 16:31:05,544.5180556
oraios/serena,https://github.com/oraios/serena/issues/200,2025-06-20T12:39:46Z,2025-06-20T15:22:40Z,ukjadoon,opcode81,19,3,FALSE,"5,943",0,6.333333333,0,0 days 02:42:54,2.715
pipeboard-co/meta-ads-mcp,https://github.com/pipeboard-co/meta-ads-mcp/issues/7,2025-05-07T10:02:55Z,2025-05-07T17:25:11Z,SyNguyen2337,nictuku,2,2,FALSE,"7,851",0,1,0,0 days 07:22:16,7.371111111
huggingface/smolagents,https://github.com/huggingface/smolagents/issues/626,2025-02-12T23:26:41Z,2025-03-07T06:53:12Z,gonzoramos,albertvillanova,8,6,FALSE,"11,658",0,1.333333333,0,22 days 07:26:31,535.4419444
taylorwilsdon/google_workspace_mcp,https://github.com/taylorwilsdon/google_workspace_mcp/issues/115,2025-07-23T07:13:19Z,2025-07-23T18:35:30Z,doppenhe,taylorwilsdon,4,2,FALSE,"6,694",0,2,0,0 days 11:22:11,11.36972222
taylorwilsdon/google_workspace_mcp,https://github.com/taylorwilsdon/google_workspace_mcp/issues/116,2025-07-23T12:42:44Z,2025-07-23T20:39:17Z,mnovelo,taylorwilsdon,12,3,FALSE,"6,694",0,4,0,0 days 07:56:33,7.9425
isaacwasserman/mcp-snowflake-server,https://github.com/isaacwasserman/mcp-snowflake-server/issues/8,2025-02-02T16:06:40Z,2025-04-10T03:52:07Z,ajeetraina,isaacwasserman,6,3,FALSE,"1,100",0,2,0,66 days 11:45:27,1595.7575
MladenSU/cli-mcp-server,https://github.com/MladenSU/cli-mcp-server/issues/7,2025-06-25T03:59:14Z,2025-07-04T21:17:25Z,sepiatonal,MladenSU,3,2,FALSE,216,0,1.5,0,9 days 17:18:11,233.3030556
ivnvxd/mcp-server-odoo,https://github.com/ivnvxd/mcp-server-odoo/issues/4,2025-06-19T12:59:22Z,2025-06-19T19:22:48Z,ivnvxd,ivnvxd,1,1,FALSE,"1,086",0,1,1,0 days 06:23:26,6.390555556
genomoncology/biomcp,https://github.com/genomoncology/biomcp/issues/2,2025-04-08T14:54:22Z,2025-05-05T18:46:11Z,superxuyan,jyeakley,10,3,FALSE,6,0,3.333333333,0,27 days 03:51:49,651.8636111
coleam00/Archon,https://github.com/coleam00/Archon/issues/59,2025-03-10T15:36:31Z,2025-03-10T20:12:44Z,khanhthanhdev,coleam00,2,2,FALSE,"31,991",0,1,0,0 days 04:36:13,4.603611111
ahujasid/blender-mcp,https://github.com/ahujasid/blender-mcp/issues/11,2025-03-12T16:17:00Z,2025-03-13T07:00:37Z,dinkopehar,ahujasid,2,2,FALSE,"1,269",0,1,0,0 days 14:43:37,14.72694444
kagisearch/kagimcp,https://github.com/kagisearch/kagimcp/issues/11,2025-06-27T14:59:46Z,2025-07-01T20:08:37Z,Belphemur,rehanzo,5,2,FALSE,705,0,2.5,0,4 days 05:08:51,101.1475
basicmachines-co/basic-memory,https://github.com/basicmachines-co/basic-memory/issues/111,2025-05-11T16:33:55Z,2025-06-18T03:12:16Z,BunkerBuster73,groksrc,2,3,FALSE,399,0,0.6666666667,0,37 days 10:38:21,898.6391667
aptro/superset-mcp,https://github.com/aptro/superset-mcp/issues/8,2025-04-11T15:36:07Z,2025-04-21T08:04:58Z,alca85,aptro,1,2,FALSE,"1,179",0,0.5,0,9 days 16:28:51,232.4808333
ezyang/codemcp,https://github.com/ezyang/codemcp/issues/266,2025-04-19T09:27:46Z,2025-04-20T10:03:36Z,schniggie,schniggie,4,2,FALSE,141,0,2,1,1 days 00:35:50,24.59722222
lanbaoshen/mcp-jenkins,https://github.com/lanbaoshen/mcp-jenkins/issues/27,2025-06-20T09:09:54Z,2025-07-28T01:05:16Z,lironghai,lanbaoshen,6,2,FALSE,269,0,3,0,37 days 15:55:22,903.9227778
ahujasid/blender-mcp,https://github.com/ahujasid/blender-mcp/issues/52,2025-03-17T06:09:44Z,2025-03-19T04:48:37Z,handsomeevil-78,handsomeevil-78,14,5,FALSE,0,0,2.8,1,1 days 22:38:53,46.64805556
jingcheng-chen/rhinomcp,https://github.com/jingcheng-chen/rhinomcp/issues/8,2025-04-28T08:00:03Z,2025-04-29T12:43:14Z,ceyton,ceyton,5,3,FALSE,5,0,1.666666667,1,1 days 04:43:11,28.71972222
Vortiago/mcp-outline,https://github.com/Vortiago/mcp-outline/issues/11,2025-05-21T00:54:41Z,2025-05-21T05:58:05Z,ameshf,ameshf,0,1,FALSE,5,0,0,1,0 days 05:03:24,5.056666667
ahujasid/blender-mcp,https://github.com/ahujasid/blender-mcp/issues/73,2025-03-22T08:27:27Z,2025-04-03T21:08:19Z,ANUBIS9000,ahujasid,2,2,FALSE,"2,010",0,1,0,12 days 12:40:52,300.6811111
jingcheng-chen/rhinomcp,https://github.com/jingcheng-chen/rhinomcp/issues/3,2025-04-06T09:12:43Z,2025-04-18T09:13:45Z,Dellus24,jingcheng-chen,4,3,FALSE,371,0,1.333333333,0,12 days 00:01:02,288.0172222
ahujasid/ableton-mcp,https://github.com/ahujasid/ableton-mcp/issues/24,2025-04-26T17:15:56Z,2025-05-01T23:37:13Z,davymartinez,davymartinez,2,2,FALSE,364,0,1,1,5 days 06:21:17,126.3547222
omni-mcp/isaac-sim-mcp,https://github.com/omni-mcp/isaac-sim-mcp/issues/5,2025-06-03T02:24:13Z,2025-06-24T07:15:12Z,seolck01,cuericlee,2,2,FALSE,315,0,1,0,21 days 04:50:59,508.8497222
neka-nat/freecad-mcp,https://github.com/neka-nat/freecad-mcp/issues/15,2025-05-25T15:58:17Z,2025-05-27T06:22:11Z,smurfer,smurfer,3,2,FALSE,0,0,1.5,1,1 days 14:23:54,38.39833333
alpacahq/alpaca-mcp-server,https://github.com/alpacahq/alpaca-mcp-server/issues/11,2025-06-26T03:03:16Z,2025-07-14T16:26:47Z,denraf,idsts2670,2,2,FALSE,931,0,1,0,18 days 13:23:31,445.3919444
mrexodia/ida-pro-mcp,https://github.com/mrexodia/ida-pro-mcp/issues/1,2025-03-26T16:09:13Z,2025-03-27T12:06:11Z,lawbyte,mrexodia,11,7,FALSE,"44,729",0,1.571428571,0,0 days 19:56:58,19.94944444
BeehiveInnovations/zen-mcp-server,https://github.com/BeehiveInnovations/zen-mcp-server/issues/120,2025-06-22T16:46:09Z,2025-06-22T17:09:59Z,bradfair,guidedways,2,3,FALSE,"5,043",0,0.6666666667,0,0 days 00:23:50,0.3972222222
BeehiveInnovations/zen-mcp-server,https://github.com/BeehiveInnovations/zen-mcp-server/issues/76,2025-06-18T20:51:29Z,2025-06-18T22:28:30Z,MantraMedia,MantraMedia,1,1,FALSE,0,0,1,1,0 days 01:37:01,1.616944444
huggingface/smolagents,https://github.com/huggingface/smolagents/issues/442,2025-01-30T21:55:10Z,2025-03-13T22:51:08Z,DaehyunLee,aymeric-roucher,1,3,FALSE,"7,058",0,0.3333333333,0,42 days 00:55:58,1008.932778
basicmachines-co/basic-memory,https://github.com/basicmachines-co/basic-memory/issues/164,2025-06-21T20:09:11Z,2025-06-26T03:32:14Z,potatopotaro,phernandez,6,5,TRUE,517,1,1.2,0,4 days 07:23:03,103.3841667
fosdickio/binary_ninja_mcp,https://github.com/fosdickio/binary_ninja_mcp/issues/9,2025-04-11T19:40:10Z,2025-04-11T19:40:26Z,impost0r,impost0r,0,1,FALSE,43,0,0,1,0 days 00:00:16,0.004444444444
dbt-labs/dbt-mcp,https://github.com/dbt-labs/dbt-mcp/issues/79,2025-04-22T11:13:38Z,2025-04-22T14:42:17Z,jonask137,DevonFulcher,1,2,FALSE,992,0,0.5,0,0 days 03:28:39,3.4775
gradio-app/gradio,https://github.com/gradio-app/gradio/issues/11114,2025-04-30T21:01:42Z,2025-05-01T17:09:00Z,evalstate,abidlabs,0,2,FALSE,"18,150",0,0,0,0 days 20:07:18,20.12166667
varunneal/spotify-mcp,https://github.com/varunneal/spotify-mcp/issues/12,2025-03-18T11:34:39Z,2025-03-31T18:59:30Z,woodyhayday,varunneal,9,5,FALSE,671,0,1.8,0,13 days 07:24:51,319.4141667
coleam00/Archon,https://github.com/coleam00/Archon/issues/37,2025-03-04T20:12:09Z,2025-03-09T04:11:47Z,Michaelzag,Michaelzag,1,2,FALSE,310,0,0.5,1,4 days 07:59:38,103.9938889
huggingface/smolagents,https://github.com/huggingface/smolagents/issues/1046,2025-03-21T16:08:17Z,2025-03-23T09:56:34Z,wirtsi,wirtsi,8,4,FALSE,8,0,2,1,1 days 17:48:17,41.80472222
fosdickio/binary_ninja_mcp,https://github.com/fosdickio/binary_ninja_mcp/issues/10,2025-04-11T19:40:13Z,2025-04-11T20:45:39Z,impost0r,impost0r,6,3,FALSE,43,0,2,1,0 days 01:05:26,1.090555556
awslabs/mcp,https://github.com/awslabs/mcp/issues/95,2025-04-08T00:54:07Z,2025-04-08T21:46:54Z,masucamp,theagenticguy,1,2,FALSE,498,0,0.5,0,0 days 20:52:47,20.87972222
awslabs/mcp,https://github.com/awslabs/mcp/issues/94,2025-04-07T21:55:21Z,2025-04-10T19:30:45Z,mortizbey,pranjbh,2,3,FALSE,139,0,0.6666666667,0,2 days 21:35:24,69.59
mrexodia/ida-pro-mcp,https://github.com/mrexodia/ida-pro-mcp/issues/64,2025-05-02T12:51:49Z,2025-05-02T13:46:17Z,Raiwulf,mrexodia,1,2,FALSE,"44,956",0,0.5,0,0 days 00:54:28,0.9077777778
runekaagaard/mcp-alchemy,https://github.com/runekaagaard/mcp-alchemy/issues/6,2025-03-27T00:37:14Z,2025-04-01T12:22:39Z,colonel-otto,runekaagaard,5,2,FALSE,"3,127",0,2.5,0,5 days 11:45:25,131.7569444
dbt-labs/dbt-mcp,https://github.com/dbt-labs/dbt-mcp/issues/203,2025-07-09T11:16:48Z,2025-07-09T18:31:57Z,b-per,DevonFulcher,0,2,FALSE,"1,137",0,0,0,0 days 07:15:09,7.2525
doobidoo/mcp-memory-service,https://github.com/doobidoo/mcp-memory-service/issues/12,2025-03-17T06:17:08Z,2025-03-17T06:50:38Z,doobidoo,doobidoo,1,1,FALSE,570,0,1,1,0 days 00:33:30,0.5583333333
gradio-app/gradio,https://github.com/gradio-app/gradio/issues/11337,2025-06-04T19:54:25Z,2025-06-09T21:24:17Z,DavidLMS,abidlabs,2,2,FALSE,"18,513",0,1,0,5 days 01:29:52,121.4977778
ahujasid/blender-mcp,https://github.com/ahujasid/blender-mcp/issues/83,2025-03-26T08:00:00Z,2025-04-03T21:11:24Z,Cupcc,ahujasid,3,2,FALSE,"2,010",0,1.5,0,8 days 13:11:24,205.19
tonyzorin/youtrack-mcp,https://github.com/tonyzorin/youtrack-mcp/issues/11,2025-06-12T07:24:24Z,2025-07-15T17:09:05Z,umaxfun,tonyzorin,3,2,FALSE,236,0,1.5,0,33 days 09:44:41,801.7447222
oraios/serena,https://github.com/oraios/serena/issues/18,2025-04-03T22:16:27Z,2025-04-23T10:04:38Z,zdaar,opcode81,12,6,FALSE,"5,273",0,2,0,19 days 11:48:11,467.8030556
jjsantos01/qgis_mcp,https://github.com/jjsantos01/qgis_mcp/issues/3,2025-03-16T16:37:30Z,2025-03-17T17:20:35Z,ejfox,ejfox,2,2,FALSE,"4,218",0,1,1,1 days 00:43:05,24.71805556
bhancockio/adk-mcp-tutorial,https://github.com/bhancockio/adk-mcp-tutorial/issues/3,2025-07-28T05:45:01Z,2025-07-28T08:15:00Z,jcp-tech,jcp-tech,0,1,FALSE,502,0,0,1,0 days 02:29:59,2.499722222
langchain-ai/mcpdoc,https://github.com/langchain-ai/mcpdoc/issues/21,2025-04-02T16:08:27Z,2025-04-05T17:24:38Z,austinmw,eyurtsev,3,3,FALSE,"42,820",0,1,0,3 days 01:16:11,73.26972222
ahujasid/blender-mcp,https://github.com/ahujasid/blender-mcp/issues/122,2025-06-07T11:39:50Z,2025-06-17T01:32:04Z,BowieHe,BowieHe,1,1,FALSE,430,0,1,1,9 days 13:52:14,229.8705556
gradio-app/gradio,https://github.com/gradio-app/gradio/issues/11509,2025-07-03T11:13:50Z,2025-07-07T19:01:23Z,freddyaboulton,abidlabs,0,2,FALSE,"18,622",0,0,0,4 days 07:47:33,103.7925
doobidoo/mcp-memory-service,https://github.com/doobidoo/mcp-memory-service/issues/13,2025-03-20T10:15:38Z,2025-03-21T19:46:19Z,chicago-joe,doobidoo,4,2,FALSE,596,0,2,0,1 days 09:30:41,33.51138889
awslabs/mcp,https://github.com/awslabs/mcp/issues/594,2025-06-14T07:59:24Z,2025-06-14T09:03:16Z,rolzy,rolzy,1,2,FALSE,231,0,0.5,1,0 days 01:03:52,1.064444444
awslabs/mcp,https://github.com/awslabs/mcp/issues/643,2025-06-24T12:41:34Z,2025-06-24T16:31:04Z,ajitnk-lab,scottschreckengaust,2,4,FALSE,"1,667",0,0.5,0,0 days 03:49:30,3.825
livehybrid/splunk-mcp,https://github.com/livehybrid/splunk-mcp/issues/43,2025-06-10T03:23:24Z,2025-07-26T06:01:39Z,kkvinjam,livehybrid,2,2,FALSE,574,0,1,0,46 days 02:38:15,1106.6375
awslabs/mcp,https://github.com/awslabs/mcp/issues/361,2025-05-16T22:00:47Z,2025-05-28T00:47:01Z,rgonv,scottschreckengaust,2,4,FALSE,"1,424",0,0.5,0,11 days 02:46:14,266.7705556
crewAIInc/crewAI-tools,https://github.com/crewAIInc/crewAI-tools/issues/302,2025-05-08T18:27:03Z,2025-06-04T13:24:54Z,Sebek1232,lucasgomide,7,3,FALSE,"1,649",0,2.333333333,0,26 days 18:57:51,642.9641667
Rudra-ravi/wikipedia-mcp,https://github.com/Rudra-ravi/wikipedia-mcp/issues/13,2025-07-16T11:50:57Z,2025-07-22T12:19:37Z,iliasprc,Rudra-ravi,1,2,FALSE,135,0,0.5,0,6 days 00:28:40,144.4777778
ms82119/NiFiMCP,https://github.com/ms82119/NiFiMCP/issues/6,2025-06-03T12:42:11Z,2025-06-14T11:59:16Z,atuly987456,ms82119,1,2,FALSE,42,0,0.5,0,10 days 23:17:05,263.2847222
getzep/graphiti,https://github.com/getzep/graphiti/issues/708,2025-07-12T10:33:38Z,2025-07-13T16:21:13Z,bigbirdbrother,danielchalef,3,2,FALSE,"7,222",0,1.5,0,1 days 05:47:35,29.79305556
elevenlabs/elevenlabs-mcp,https://github.com/elevenlabs/elevenlabs-mcp/issues/15,2025-04-07T20:06:41Z,2025-04-07T22:31:09Z,kyrregjerstad,louisjoecodes,0,2,FALSE,"1,428",0,0,0,0 days 02:24:28,2.407777778
ms82119/NiFiMCP,https://github.com/ms82119/NiFiMCP/issues/14,2025-06-25T07:15:52Z,2025-07-14T01:42:57Z,atuly987456,ms82119,4,2,FALSE,54,0,2,0,18 days 18:27:05,450.4513889
basicmachines-co/basic-memory,https://github.com/basicmachines-co/basic-memory/issues/121,2025-06-02T17:03:19Z,2025-06-06T04:59:36Z,August0815,August0815,3,3,TRUE,134,1,1,1,3 days 11:56:17,83.93805556
elevenlabs/elevenlabs-mcp,https://github.com/elevenlabs/elevenlabs-mcp/issues/51,2025-07-13T14:49:53Z,2025-07-19T11:42:14Z,mbochneak,AngeloGiacco,1,2,FALSE,"1,696",0,0.5,0,5 days 20:52:21,140.8725
designcomputer/mysql_mcp_server,https://github.com/designcomputer/mysql_mcp_server/issues/15,2025-03-20T09:59:31Z,2025-03-20T13:54:19Z,mqqss,mqqss,3,2,FALSE,0,0,1.5,1,0 days 03:54:48,3.913333333
teddynote-lab/langgraph-mcp-agents,https://github.com/teddynote-lab/langgraph-mcp-agents/issues/8,2025-04-18T09:39:22Z,2025-04-29T03:39:49Z,wusanshou2017,wusanshou2017,0,1,FALSE,434,0,0,1,10 days 18:00:27,258.0075
mrexodia/ida-pro-mcp,https://github.com/mrexodia/ida-pro-mcp/issues/38,2025-04-09T07:44:05Z,2025-04-13T15:11:06Z,privacyguy123,mrexodia,3,2,FALSE,"44,925",0,1.5,0,4 days 07:27:01,103.4502778
basicmachines-co/basic-memory,https://github.com/basicmachines-co/basic-memory/issues/39,2025-03-24T14:59:39Z,2025-03-25T02:59:39Z,jccalvojackson,phernandez,3,2,FALSE,267,0,1.5,0,0 days 12:00:00,12
awslabs/mcp,https://github.com/awslabs/mcp/issues/918,2025-07-23T18:17:48Z,2025-07-28T17:36:54Z,gokul-babu,arnewouters,4,4,FALSE,264,0,1,0,4 days 23:19:06,119.3183333
rusiaaman/wcgw,https://github.com/rusiaaman/wcgw/issues/19,2024-12-30T00:08:16Z,2024-12-30T17:28:36Z,basilesportif,basilesportif,5,2,FALSE,"2,419",0,2.5,1,0 days 17:20:20,17.33888889
awslabs/mcp,https://github.com/awslabs/mcp/issues/237,2025-04-29T21:10:25Z,2025-05-05T20:32:32Z,vishwanath-gowda,theagenticguy,2,3,FALSE,526,0,0.6666666667,0,5 days 23:22:07,143.3686111
awslabs/mcp,https://github.com/awslabs/mcp/issues/257,2025-05-02T23:43:31Z,2025-07-12T01:35:30Z,jmcauley,github-actions[bot],3,3,TRUE,"91,577,431",1,1,0,70 days 01:51:59,1681.866389
awslabs/mcp,https://github.com/awslabs/mcp/issues/289,2025-05-07T20:59:14Z,2025-05-19T15:58:42Z,MiguelsPizza,theagenticguy,2,2,FALSE,536,0,1,0,11 days 18:59:28,282.9911111
awslabs/mcp,https://github.com/awslabs/mcp/issues/140,2025-04-14T19:38:39Z,2025-04-14T20:17:33Z,krokoko,krokoko,0,1,FALSE,625,0,0,1,0 days 00:38:54,0.6483333333
awslabs/mcp,https://github.com/awslabs/mcp/issues/148,2025-04-16T14:55:00Z,2025-05-16T13:10:17Z,hassanshabbirbaig,theagenticguy,6,5,FALSE,536,0,1.2,0,29 days 22:15:17,718.2547222
coleam00/Archon,https://github.com/coleam00/Archon/issues/47,2025-03-08T05:37:03Z,2025-03-09T16:08:47Z,NicholasSpisak,coleam00,4,2,FALSE,"31,853",0,2,0,1 days 10:31:44,34.52888889
BeehiveInnovations/zen-mcp-server,https://github.com/BeehiveInnovations/zen-mcp-server/issues/144,2025-06-25T23:03:16Z,2025-06-27T16:56:40Z,mehmetba,guidedways,2,2,FALSE,"5,246",0,1,0,1 days 17:53:24,41.89
elevenlabs/elevenlabs-mcp,https://github.com/elevenlabs/elevenlabs-mcp/issues/33,2025-05-02T22:34:06Z,2025-06-05T14:35:56Z,PartTimeIndie,PaulAsjes,3,2,FALSE,809,0,1.5,0,33 days 16:01:50,808.0305556
BeehiveInnovations/zen-mcp-server,https://github.com/BeehiveInnovations/zen-mcp-server/issues/25,2025-06-13T08:41:39Z,2025-06-13T11:44:47Z,adamsmaka,adamsmaka,3,2,FALSE,6,0,1.5,1,0 days 03:03:08,3.052222222
BeehiveInnovations/zen-mcp-server,https://github.com/BeehiveInnovations/zen-mcp-server/issues/30,2025-06-13T15:00:51Z,2025-06-13T15:38:09Z,transportrefer,guidedways,7,3,FALSE,"3,089",0,2.333333333,0,0 days 00:37:18,0.6216666667
BeehiveInnovations/zen-mcp-server,https://github.com/BeehiveInnovations/zen-mcp-server/issues/56,2025-06-16T10:28:53Z,2025-06-16T16:01:10Z,FlyNumber,guidedways,2,2,FALSE,"4,298",0,1,0,0 days 05:32:17,5.538055556
BeehiveInnovations/zen-mcp-server,https://github.com/BeehiveInnovations/zen-mcp-server/issues/82,2025-06-19T08:12:52Z,2025-06-20T20:27:59Z,JereKaplas,guidedways,5,4,FALSE,"4,760",0,1.25,0,1 days 12:15:07,36.25194444
taylorwilsdon/google_workspace_mcp,https://github.com/taylorwilsdon/google_workspace_mcp/issues/119,2025-07-25T03:32:05Z,2025-07-26T16:46:45Z,Manamama-Gemini-Cloud-AI-01,taylorwilsdon,9,3,FALSE,"6,849",0,3,0,1 days 13:14:40,37.24444444
googleanalytics/google-analytics-mcp,https://github.com/googleanalytics/google-analytics-mcp/issues/23,2025-07-29T17:18:25Z,2025-07-29T19:40:49Z,NbC-IreneYang,jradcliff,2,2,FALSE,"1,062",0,1,0,0 days 02:22:24,2.373333333
YanxingLiu/dify-mcp-server,https://github.com/YanxingLiu/dify-mcp-server/issues/4,2025-03-14T08:52:00Z,2025-03-18T15:45:47Z,s0214lx,YanxingLiu,4,2,FALSE,382,0,2,0,4 days 06:53:47,102.8963889
SDGLBL/mcp-claude-code,https://github.com/SDGLBL/mcp-claude-code/issues/10,2025-04-26T16:56:12Z,2025-04-27T03:32:00Z,domik82,SDGLBL,0,2,FALSE,555,0,0,0,0 days 10:35:48,10.59666667
kagisearch/kagimcp,https://github.com/kagisearch/kagimcp/issues/8,2025-04-28T10:23:59Z,2025-07-04T22:06:26Z,Dual-0,rehanzo,5,2,FALSE,705,0,2.5,0,67 days 11:42:27,1619.7075
voska/hass-mcp,https://github.com/voska/hass-mcp/issues/8,2025-05-28T20:04:41Z,2025-05-28T21:03:16Z,garrett-hopper,garrett-hopper,3,2,FALSE,222,0,1.5,1,0 days 00:58:35,0.9763888889
voska/hass-mcp,https://github.com/voska/hass-mcp/issues/11,2025-07-05T11:14:21Z,2025-07-05T12:53:44Z,prankousky,voska,1,2,FALSE,111,0,0.5,0,0 days 01:39:23,1.656388889
meilisearch/meilisearch-mcp,https://github.com/meilisearch/meilisearch-mcp/issues/21,2025-05-13T11:33:48Z,2025-05-14T12:46:01Z,Lxixnxuxs,tpayet,0,2,FALSE,"1,232",0,0,0,1 days 01:12:13,25.20361111
echelon-ai-labs/servicenow-mcp,https://github.com/echelon-ai-labs/servicenow-mcp/issues/19,2025-04-09T12:27:55Z,2025-04-24T23:31:00Z,nithinkumarm,anandsainath,8,7,FALSE,587,0,1.142857143,0,15 days 11:03:05,371.0513889
basicmachines-co/basic-memory,https://github.com/basicmachines-co/basic-memory/issues/142,2025-06-18T13:26:33Z,2025-06-18T22:32:21Z,phernandez,phernandez,4,2,TRUE,461,1,2,1,0 days 09:05:48,9.096666667
BeehiveInnovations/zen-mcp-server,https://github.com/BeehiveInnovations/zen-mcp-server/issues/26,2025-06-13T11:52:54Z,2025-06-13T12:15:12Z,nikbq,guidedways,3,3,FALSE,"3,089",0,1,0,0 days 00:22:18,0.3716666667
awslabs/mcp,https://github.com/awslabs/mcp/issues/240,2025-04-30T18:09:15Z,2025-05-06T02:05:16Z,arjungopisetty,alexa-perlov,14,3,FALSE,535,0,4.666666667,0,5 days 07:56:01,127.9336111
getzep/graphiti,https://github.com/getzep/graphiti/issues/610,2025-06-20T03:14:48Z,2025-06-24T05:01:37Z,mikhail-yablakau,danielchalef,3,4,FALSE,"6,624",0,0.75,0,4 days 01:46:49,97.78027778
gradio-app/gradio,https://github.com/gradio-app/gradio/issues/11118,2025-05-01T16:37:57Z,2025-05-02T01:09:51Z,evalstate,abidlabs,0,2,FALSE,"18,152",0,0,0,0 days 08:31:54,8.531666667
getzep/graphiti,https://github.com/getzep/graphiti/issues/482,2025-05-13T09:52:16Z,2025-06-25T19:11:26Z,ArneJanning,danielchalef,2,2,FALSE,"6,642",0,1,0,43 days 09:19:10,1041.319444
huggingface/smolagents,https://github.com/huggingface/smolagents/issues/1164,2025-04-09T13:19:48Z,2025-04-15T07:30:59Z,lian-xiao,albertvillanova,5,4,FALSE,"12,199",0,1.25,0,5 days 18:11:11,138.1863889
huggingface/smolagents,https://github.com/huggingface/smolagents/issues/1152,2025-04-07T06:56:18Z,2025-04-14T10:08:46Z,iejzh,iejzh,3,4,FALSE,0,0,0.75,1,7 days 03:12:28,171.2077778
gradio-app/gradio,https://github.com/gradio-app/gradio/issues/11455,2025-06-27T08:23:01Z,2025-07-01T17:09:12Z,evalstate,abidlabs,0,2,FALSE,"18,618",0,0,0,4 days 08:46:11,104.7697222
getzep/graphiti,https://github.com/getzep/graphiti/issues/667,2025-07-03T03:29:22Z,2025-07-03T11:10:05Z,codematrix,codematrix,3,2,FALSE,929,0,1.5,1,0 days 07:40:43,7.678611111
rohitg00/kubectl-mcp-server,https://github.com/rohitg00/kubectl-mcp-server/issues/15,2025-05-06T10:45:57Z,2025-05-06T14:51:10Z,IanMoroney,rohitg00,3,2,FALSE,"2,054",0,1.5,0,0 days 04:05:13,4.086944444
awslabs/mcp,https://github.com/awslabs/mcp/issues/504,2025-06-03T18:52:08Z,2025-06-05T21:25:33Z,jimmieego,bx9900,0,2,FALSE,52,0,0,0,2 days 02:33:25,50.55694444
awslabs/mcp,https://github.com/awslabs/mcp/issues/170,2025-04-18T14:50:29Z,2025-04-18T17:30:52Z,krokoko,krokoko,0,1,FALSE,640,0,0,1,0 days 02:40:23,2.673055556
awslabs/mcp,https://github.com/awslabs/mcp/issues/174,2025-04-18T17:40:29Z,2025-04-19T00:29:23Z,scottschreckengaust,scottschreckengaust,1,2,FALSE,"1,048",0,0.5,1,0 days 06:48:54,6.815
JustTryAI/databricks-mcp-server,https://github.com/JustTryAI/databricks-mcp-server/issues/2,2025-04-15T23:46:42Z,2025-04-22T13:42:04Z,deeco,deeco,1,1,FALSE,114,0,1,1,6 days 13:55:22,157.9227778
haris-musa/excel-mcp-server,https://github.com/haris-musa/excel-mcp-server/issues/28,2025-05-19T14:07:54Z,2025-05-20T09:52:22Z,441126098,haris-musa,4,2,FALSE,258,0,2,0,0 days 19:44:28,19.74111111
ezyang/codemcp,https://github.com/ezyang/codemcp/issues/2,2025-03-11T19:26:14Z,2025-03-11T21:27:13Z,gaxler,ezyang,1,2,FALSE,"398,501",0,0.5,0,0 days 02:00:59,2.016388889
ccabanillas/notion-mcp,https://github.com/ccabanillas/notion-mcp/issues/6,2025-04-23T14:23:12Z,2025-04-30T23:41:01Z,jmc-123,jmc-123,0,1,FALSE,10,0,0,1,7 days 09:17:49,177.2969444
doobidoo/mcp-memory-service,https://github.com/doobidoo/mcp-memory-service/issues/19,2025-04-01T13:59:07Z,2025-04-26T11:30:12Z,doobidoo,doobidoo,6,1,FALSE,887,0,6,1,24 days 21:31:05,597.5180556
crystaldba/postgres-mcp,https://github.com/crystaldba/postgres-mcp/issues/58,2025-04-17T11:03:02Z,2025-04-20T05:25:19Z,rainyheart,jssmith,3,3,FALSE,"1,645",0,1,0,2 days 18:22:17,66.37138889
Saik0s/mcp-browser-use,https://github.com/Saik0s/mcp-browser-use/issues/26,2025-05-22T15:40:29Z,2025-06-07T16:11:27Z,Pbonmars-20031006,Saik0s,4,5,FALSE,"1,265",0,0.8,0,16 days 00:30:58,384.5161111
ariadng/metatrader-mcp-server,https://github.com/ariadng/metatrader-mcp-server/issues/1,2025-05-05T09:44:38Z,2025-05-05T12:32:54Z,ariadng,ariadng,2,1,FALSE,506,0,2,1,0 days 02:48:16,2.804444444
motherduckdb/mcp-server-motherduck,https://github.com/motherduckdb/mcp-server-motherduck/issues/24,2025-06-05T14:49:09Z,2025-06-05T18:25:58Z,strawgate,tdoehmen,3,2,FALSE,"2,469",0,1.5,0,0 days 03:36:49,3.613611111
xorq-labs/xorq,https://github.com/xorq-labs/xorq/issues/1028,2025-06-17T22:52:11Z,2025-06-18T15:47:32Z,IndexSeek,dlovell,4,3,FALSE,"6,693",0,1.333333333,0,0 days 16:55:21,16.9225
oraios/serena,https://github.com/oraios/serena/issues/5,2025-04-02T18:08:54Z,2025-04-07T19:53:48Z,a-bonus,MischaPanch,12,4,FALSE,"2,712",0,3,0,5 days 01:44:54,121.7483333
oraios/serena,https://github.com/oraios/serena/issues/98,2025-04-26T15:54:13Z,2025-04-27T14:50:27Z,smiith,smiith,6,2,FALSE,58,0,3,1,0 days 22:56:14,22.93722222
oraios/serena,https://github.com/oraios/serena/issues/212,2025-06-21T21:26:25Z,2025-06-22T11:13:58Z,opcode81,opcode81,0,1,FALSE,"6,247",0,0,1,0 days 13:47:33,13.7925
oraios/serena,https://github.com/oraios/serena/issues/359,2025-07-25T20:02:55Z,2025-07-29T22:18:30Z,calebcwells,calebcwells,15,6,FALSE,128,0,2.5,1,4 days 02:15:35,98.25972222
oraios/serena,https://github.com/oraios/serena/issues/58,2025-04-14T07:59:56Z,2025-04-14T14:44:50Z,uijin,uijin,6,3,FALSE,76,0,2,1,0 days 06:44:54,6.748333333
oraios/serena,https://github.com/oraios/serena/issues/376,2025-07-29T04:16:10Z,2025-07-29T08:07:03Z,reobroqn,reobroqn,0,1,FALSE,31,0,0,1,0 days 03:50:53,3.848055556
oraios/serena,https://github.com/oraios/serena/issues/314,2025-07-18T04:27:52Z,2025-07-19T01:46:10Z,dragonfax,dragonfax,2,2,FALSE,"3,591",0,1,1,0 days 21:18:18,21.305
oraios/serena,https://github.com/oraios/serena/issues/120,2025-05-19T15:19:37Z,2025-06-11T14:16:01Z,MischaPanch,MischaPanch,5,3,FALSE,"4,929",0,1.666666667,1,22 days 22:56:24,550.94
oraios/serena,https://github.com/oraios/serena/issues/201,2025-06-20T15:43:42Z,2025-06-24T11:51:18Z,im360john,opcode81,39,7,FALSE,"6,495",0,5.571428571,0,3 days 20:07:36,92.12666667
oraios/serena,https://github.com/oraios/serena/issues/257,2025-06-29T18:30:23Z,2025-07-03T10:32:19Z,akamalov,MischaPanch,38,5,FALSE,"5,928",0,7.6,0,3 days 16:01:56,88.03222222
oraios/serena,https://github.com/oraios/serena/issues/222,2025-06-23T09:49:05Z,2025-06-24T17:01:32Z,xHeaven,opcode81,19,3,FALSE,"6,495",0,6.333333333,0,1 days 07:12:27,31.2075
oraios/serena,https://github.com/oraios/serena/issues/21,2025-04-04T07:27:11Z,2025-04-06T09:58:14Z,formeo14,formeo14,6,3,FALSE,"3,343,179,172",0,2,1,2 days 02:31:03,50.5175
oraios/serena,https://github.com/oraios/serena/issues/293,2025-07-09T16:25:42Z,2025-07-09T19:46:43Z,jodinathan,MischaPanch,0,2,FALSE,"6,089",0,0,0,0 days 03:21:01,3.350277778
oraios/serena,https://github.com/oraios/serena/issues/174,2025-06-16T22:29:01Z,2025-06-16T23:03:03Z,tayiorbeii,tayiorbeii,3,2,FALSE,"2,275",0,1.5,1,0 days 00:34:02,0.5672222222
oraios/serena,https://github.com/oraios/serena/issues/144,2025-06-02T09:50:48Z,2025-06-03T08:56:57Z,80avin,MischaPanch,10,3,FALSE,"4,673",0,3.333333333,0,0 days 23:06:09,23.1025
oraios/serena,https://github.com/oraios/serena/issues/22,2025-04-04T07:33:34Z,2025-06-11T14:27:56Z,formeo14,MischaPanch,5,3,FALSE,"4,929",0,1.666666667,0,68 days 06:54:22,1638.906111
oraios/serena,https://github.com/oraios/serena/issues/280,2025-07-05T05:36:30Z,2025-07-05T08:33:09Z,chknd1nner,opcode81,2,3,FALSE,"7,177",0,0.6666666667,0,0 days 02:56:39,2.944166667
oraios/serena,https://github.com/oraios/serena/issues/182,2025-06-19T10:28:35Z,2025-06-19T13:57:38Z,myaiintegration,myaiintegration,5,2,FALSE,0,0,2.5,1,0 days 03:29:03,3.484166667
oraios/serena,https://github.com/oraios/serena/issues/330,2025-07-22T21:26:09Z,2025-07-23T23:47:41Z,CanML,opcode81,5,2,FALSE,"7,750",0,2.5,0,1 days 02:21:32,26.35888889
oraios/serena,https://github.com/oraios/serena/issues/324,2025-07-21T14:21:10Z,2025-07-21T14:37:11Z,debsahu,opcode81,1,2,FALSE,"7,728",0,0.5,0,0 days 00:16:01,0.2669444444
oraios/serena,https://github.com/oraios/serena/issues/315,2025-07-19T04:51:27Z,2025-07-22T05:23:44Z,SipengXie2024,SipengXie2024,7,3,FALSE,94,0,2.333333333,1,3 days 00:32:17,72.53805556
oraios/serena,https://github.com/oraios/serena/issues/148,2025-06-02T23:14:39Z,2025-06-08T10:30:48Z,MischaPanch,MischaPanch,1,1,FALSE,"4,817",0,1,1,5 days 11:16:09,131.2691667
oraios/serena,https://github.com/oraios/serena/issues/153,2025-06-06T07:59:55Z,2025-06-16T00:52:21Z,pchalasani,MischaPanch,18,5,FALSE,"5,417",0,3.6,0,9 days 16:52:26,232.8738889
oraios/serena,https://github.com/oraios/serena/issues/154,2025-06-06T08:11:31Z,2025-07-02T21:52:35Z,Pekno,opcode81,13,3,FALSE,"6,807",0,4.333333333,0,26 days 13:41:04,637.6844444
oraios/serena,https://github.com/oraios/serena/issues/229,2025-06-24T10:01:41Z,2025-06-24T11:48:49Z,Roan123,opcode81,3,3,FALSE,"6,495",0,1,0,0 days 01:47:08,1.785555556
oraios/serena,https://github.com/oraios/serena/issues/114,2025-05-12T11:18:12Z,2025-05-15T10:14:21Z,chknd1nner,chknd1nner,1,1,FALSE,3,0,1,1,2 days 22:56:09,70.93583333
awslabs/mcp,https://github.com/awslabs/mcp/issues/311,2025-05-12T19:11:35Z,2025-05-12T20:23:20Z,kennthhz,krokoko,0,2,FALSE,715,0,0,0,0 days 01:11:45,1.195833333
huggingface/smolagents,https://github.com/huggingface/smolagents/issues/1290,2025-05-03T09:35:57Z,2025-05-03T13:56:26Z,manugarri,albertvillanova,1,2,FALSE,"12,315",0,0.5,0,0 days 04:20:29,4.341388889
rusiaaman/wcgw,https://github.com/rusiaaman/wcgw/issues/39,2025-03-06T11:18:32Z,2025-03-06T17:39:26Z,h5gq3,rusiaaman,5,2,FALSE,797,0,2.5,0,0 days 06:20:54,6.348333333
xing5/mcp-google-sheets,https://github.com/xing5/mcp-google-sheets/issues/20,2025-06-30T20:35:26Z,2025-07-01T04:31:14Z,psntr,xing5,1,2,FALSE,460,0,0.5,0,0 days 07:55:48,7.93
pingcap/pytidb,https://github.com/pingcap/pytidb/issues/97,2025-06-09T09:24:55Z,2025-06-18T15:44:22Z,anhuaxiang,Mini256,2,2,FALSE,"2,946",0,1,0,9 days 06:19:27,222.3241667
awslabs/mcp,https://github.com/awslabs/mcp/issues/223,2025-04-28T12:43:25Z,2025-05-02T15:40:21Z,koberghe,alexa-perlov,0,2,FALSE,522,0,0,0,4 days 02:56:56,98.94888889
ezyang/codemcp,https://github.com/ezyang/codemcp/issues/143,2025-03-20T17:25:00Z,2025-03-24T23:00:35Z,ratherDashing,ezyang,12,4,FALSE,"399,157",0,3,0,4 days 05:35:35,101.5930556
ezyang/codemcp,https://github.com/ezyang/codemcp/issues/158,2025-03-22T16:03:30Z,2025-03-24T10:40:12Z,chew-z,ezyang,10,3,FALSE,"399,157",0,3.333333333,0,1 days 18:36:42,42.61166667
MxIris-Reverse-Engineering/ida-mcp-server,https://github.com/MxIris-Reverse-Engineering/ida-mcp-server/issues/3,2025-03-27T06:27:27Z,2025-04-13T12:48:35Z,sfz009900,Mx-Iris,13,2,FALSE,622,0,6.5,0,17 days 06:21:08,414.3522222
mrexodia/ida-pro-mcp,https://github.com/mrexodia/ida-pro-mcp/issues/2,2025-03-27T04:37:08Z,2025-03-28T02:03:24Z,Armonte,mrexodia,6,3,FALSE,"44,775",0,2,0,0 days 21:26:16,21.43777778
ahujasid/blender-mcp,https://github.com/ahujasid/blender-mcp/issues/22,2025-03-14T05:10:26Z,2025-03-16T16:12:43Z,yupengfei,ahujasid,3,3,FALSE,"1,491",0,1,0,2 days 11:02:17,59.03805556
bonninr/freecad_mcp,https://github.com/bonninr/freecad_mcp/issues/2,2025-03-29T19:00:03Z,2025-04-09T04:12:42Z,Fan201712,Fan201712,1,1,FALSE,14,0,1,1,10 days 09:12:39,249.2108333
mrexodia/ida-pro-mcp,https://github.com/mrexodia/ida-pro-mcp/issues/4,2025-03-27T15:05:01Z,2025-03-28T02:01:23Z,SecTreeCN,mrexodia,2,3,FALSE,"44,775",0,0.6666666667,0,0 days 10:56:22,10.93944444
mrexodia/ida-pro-mcp,https://github.com/mrexodia/ida-pro-mcp/issues/7,2025-03-28T03:12:18Z,2025-03-28T04:32:20Z,mlxxg,mrexodia,1,2,FALSE,"44,775",0,0.5,0,0 days 01:20:02,1.333888889
mrexodia/ida-pro-mcp,https://github.com/mrexodia/ida-pro-mcp/issues/26,2025-04-04T20:08:43Z,2025-04-08T21:40:02Z,Segfaultd,mrexodia,5,3,FALSE,"44,889",0,1.666666667,0,4 days 01:31:19,97.52194444
neka-nat/freecad-mcp,https://github.com/neka-nat/freecad-mcp/issues/8,2025-04-26T22:08:28Z,2025-04-29T04:50:14Z,dodomarg,neka-nat,0,2,FALSE,"3,693",0,0,0,2 days 06:41:46,54.69611111
ahujasid/blender-mcp,https://github.com/ahujasid/blender-mcp/issues/114,2025-05-22T06:16:18Z,2025-05-23T05:07:56Z,whizali,whizali,2,2,FALSE,13,0,1,1,0 days 22:51:38,22.86055556
mrexodia/ida-pro-mcp,https://github.com/mrexodia/ida-pro-mcp/issues/75,2025-05-28T04:59:13Z,2025-05-28T08:19:07Z,Keeperorowner,mrexodia,3,2,FALSE,"44,979",0,1.5,0,0 days 03:19:54,3.331666667
fosdickio/binary_ninja_mcp,https://github.com/fosdickio/binary_ninja_mcp/issues/2,2025-04-08T19:26:05Z,2025-04-11T14:32:29Z,lefterise,fosdickio,1,2,FALSE,343,0,0.5,0,2 days 19:06:24,67.10666667
mrexodia/ida-pro-mcp,https://github.com/mrexodia/ida-pro-mcp/issues/112,2025-07-29T13:45:30Z,2025-07-30T04:21:28Z,TIMER-err,TIMER-err,2,2,FALSE,580,0,1,1,0 days 14:35:58,14.59944444
ahujasid/blender-mcp,https://github.com/ahujasid/blender-mcp/issues/58,2025-03-18T01:43:36Z,2025-03-22T02:21:24Z,Fulwing,Fulwing,0,1,FALSE,248,0,0,1,4 days 00:37:48,96.63
neka-nat/freecad-mcp,https://github.com/neka-nat/freecad-mcp/issues/6,2025-04-23T01:27:08Z,2025-04-23T03:50:46Z,zaizai0935,neka-nat,3,2,FALSE,"3,681",0,1.5,0,0 days 02:23:38,2.393888889
ahujasid/blender-mcp,https://github.com/ahujasid/blender-mcp/issues/50,2025-03-16T18:17:22Z,2025-03-19T09:47:15Z,mezdez,ahujasid,7,4,FALSE,"1,593",0,1.75,0,2 days 15:29:53,63.49805556
neka-nat/freecad-mcp,https://github.com/neka-nat/freecad-mcp/issues/5,2025-04-22T14:39:49Z,2025-04-24T05:18:54Z,VooDisss,neka-nat,1,2,FALSE,"3,681",0,0.5,0,1 days 14:39:05,38.65138889
tadata-org/fastapi_mcp,https://github.com/tadata-org/fastapi_mcp/issues/52,2025-04-10T13:00:14Z,2025-04-10T13:03:27Z,Alonreznik,Alonreznik,1,1,FALSE,313,0,1,1,0 days 00:03:13,0.05361111111
Lightning-AI/LitServe,https://github.com/Lightning-AI/LitServe/issues/584,2025-07-24T01:04:17Z,2025-07-24T11:36:19Z,qqaatw,qqaatw,2,2,FALSE,"15,911",0,1,1,0 days 10:32:02,10.53388889
tadata-org/fastapi_mcp,https://github.com/tadata-org/fastapi_mcp/issues/147,2025-05-21T21:40:48Z,2025-05-21T22:48:57Z,cryptrr,cryptrr,1,1,FALSE,180,0,1,1,0 days 01:08:09,1.135833333
ahujasid/blender-mcp,https://github.com/ahujasid/blender-mcp/issues/51,2025-03-16T18:49:50Z,2025-03-18T12:41:19Z,sygi,sygi,3,2,FALSE,"1,444",0,1.5,1,1 days 17:51:29,41.85805556
adhikasp/mcp-youtube,https://github.com/adhikasp/mcp-youtube/issues/2,2025-05-13T13:40:06Z,2025-05-13T13:45:21Z,CodeDreamer06,CodeDreamer06,0,1,FALSE,377,0,0,1,0 days 00:05:15,0.0875
RichardHan/mssql_mcp_server,https://github.com/RichardHan/mssql_mcp_server/issues/3,2025-04-11T19:39:38Z,2025-07-22T16:14:48Z,roryeckel,RichardHan,4,4,FALSE,357,0,1,0,101 days 20:35:10,2444.586111
rusiaaman/wcgw,https://github.com/rusiaaman/wcgw/issues/37,2025-03-04T13:18:33Z,2025-03-05T17:34:54Z,Alien-agent-bird,rusiaaman,1,2,FALSE,794,0,0.5,0,1 days 04:16:21,28.2725
rinadelph/Agent-MCP,https://github.com/rinadelph/Agent-MCP/issues/15,2025-06-26T08:13:45Z,2025-06-26T21:22:37Z,popperwin,rinadelph,0,2,FALSE,256,0,0,0,0 days 13:08:52,13.14777778
huggingface/smolagents,https://github.com/huggingface/smolagents/issues/1287,2025-05-02T13:18:34Z,2025-05-05T10:01:45Z,albertvillanova,albertvillanova,1,1,FALSE,"12,345",0,1,1,2 days 20:43:11,68.71972222
RamXX/mcp-tavily,https://github.com/RamXX/mcp-tavily/issues/8,2025-03-15T14:03:47Z,2025-06-17T01:46:40Z,WhatIsSpark,RamXX,4,2,FALSE,563,0,2,0,93 days 11:42:53,2243.714722
ChristianHinge/dicom-mcp,https://github.com/ChristianHinge/dicom-mcp/issues/14,2025-06-12T11:51:28Z,2025-06-12T13:28:46Z,vishn9893,vishn9893,1,1,FALSE,40,0,1,1,0 days 01:37:18,1.621666667
opensource-observer/oso,https://github.com/opensource-observer/oso/issues/3010,2025-02-09T01:12:48Z,2025-02-10T20:02:13Z,ravenac95,ravenac95,2,2,TRUE,"1,126",1,1,1,1 days 18:49:25,42.82361111
lanbaoshen/mcp-jenkins,https://github.com/lanbaoshen/mcp-jenkins/issues/29,2025-07-07T02:38:51Z,2025-07-07T03:07:03Z,mingyu529kang,lanbaoshen,1,2,FALSE,228,0,0.5,0,0 days 00:28:12,0.47
tonyzorin/youtrack-mcp,https://github.com/tonyzorin/youtrack-mcp/issues/1,2025-04-28T11:13:48Z,2025-04-28T11:33:00Z,Signaldraht,tonyzorin,0,2,FALSE,208,0,0,0,0 days 00:19:12,0.32
blazickjp/arxiv-mcp-server,https://github.com/blazickjp/arxiv-mcp-server/issues/5,2025-01-04T12:25:14Z,2025-01-07T15:04:34Z,grll,blazickjp,0,2,FALSE,549,0,0,0,3 days 02:39:20,74.65555556
crewAIInc/crewAI-tools,https://github.com/crewAIInc/crewAI-tools/issues/296,2025-04-29T14:23:51Z,2025-05-13T11:05:17Z,pelayoarbues,lucasgomide,10,5,FALSE,"1,559",0,2,0,13 days 20:41:26,332.6905556
ms82119/NiFiMCP,https://github.com/ms82119/NiFiMCP/issues/15,2025-07-03T05:32:59Z,2025-07-14T01:42:31Z,Ruchitha598,ms82119,3,2,FALSE,54,0,1.5,0,10 days 20:09:32,260.1588889
dbt-labs/dbt-mcp,https://github.com/dbt-labs/dbt-mcp/issues/176,2025-06-17T17:20:44Z,2025-07-01T14:45:55Z,moltar,b-per,3,2,FALSE,"2,195",0,1.5,0,13 days 21:25:11,333.4197222
dbt-labs/dbt-mcp,https://github.com/dbt-labs/dbt-mcp/issues/63,2025-04-17T10:25:17Z,2025-04-17T11:31:24Z,takahiro-kinoshita,takahiro-kinoshita,0,1,FALSE,0,0,0,1,0 days 01:06:07,1.101944444
dbt-labs/dbt-mcp,https://github.com/dbt-labs/dbt-mcp/issues/73,2025-04-20T20:33:14Z,2025-04-22T14:59:58Z,boxysean,DevonFulcher,2,2,FALSE,992,0,1,0,1 days 18:26:44,42.44555556
dbt-labs/dbt-mcp,https://github.com/dbt-labs/dbt-mcp/issues/225,2025-07-18T22:07:01Z,2025-07-18T22:29:01Z,jairus-m,DevonFulcher,0,2,FALSE,"1,148",0,0,0,0 days 00:22:00,0.3666666667
ahujasid/blender-mcp,https://github.com/ahujasid/blender-mcp/issues/20,2025-03-14T04:24:44Z,2025-03-14T04:29:02Z,TheNextGuy32,TheNextGuy32,1,1,FALSE,"2,553",0,1,1,0 days 00:04:18,0.07166666667
ahujasid/blender-mcp,https://github.com/ahujasid/blender-mcp/issues/26,2025-03-14T11:02:45Z,2025-03-18T04:07:30Z,1837620622,ahujasid,5,4,FALSE,"1,559",0,1.25,0,3 days 17:04:45,89.07916667
ahujasid/blender-mcp,https://github.com/ahujasid/blender-mcp/issues/24,2025-03-14T09:35:45Z,2025-03-14T13:05:36Z,Gilbishkosma,ahujasid,2,3,FALSE,"1,369",0,0.6666666667,0,0 days 03:29:51,3.4975
ahujasid/blender-mcp,https://github.com/ahujasid/blender-mcp/issues/23,2025-03-14T06:07:37Z,2025-03-14T19:43:52Z,dipeshpd,ahujasid,4,4,FALSE,"1,369",0,1,0,0 days 13:36:15,13.60416667
ahujasid/blender-mcp,https://github.com/ahujasid/blender-mcp/issues/36,2025-03-15T08:44:30Z,2025-03-15T15:59:19Z,kchemorion,ahujasid,1,2,FALSE,"1,420",0,0.5,0,0 days 07:14:49,7.246944444
ahujasid/blender-mcp,https://github.com/ahujasid/blender-mcp/issues/41,2025-03-16T01:03:35Z,2025-03-18T04:07:36Z,loshlee,ahujasid,0,2,FALSE,"1,559",0,0,0,2 days 03:04:01,51.06694444
ahujasid/blender-mcp,https://github.com/ahujasid/blender-mcp/issues/99,2025-04-07T03:37:14Z,2025-05-27T18:55:26Z,fmmarkmq,ahujasid,2,3,FALSE,"2,070",0,0.6666666667,0,50 days 15:18:12,1215.303333
ahujasid/blender-mcp,https://github.com/ahujasid/blender-mcp/issues/45,2025-03-16T10:01:36Z,2025-03-16T16:16:41Z,ccx19930930,ahujasid,1,2,FALSE,"1,491",0,0.5,0,0 days 06:15:05,6.251388889
ahujasid/blender-mcp,https://github.com/ahujasid/blender-mcp/issues/56,2025-03-17T12:15:54Z,2025-03-27T08:25:46Z,ElgoogUdiab,ElgoogUdiab,0,1,FALSE,379,0,0,1,9 days 20:09:52,236.1644444
ahujasid/blender-mcp,https://github.com/ahujasid/blender-mcp/issues/82,2025-03-26T00:55:00Z,2025-04-03T21:08:42Z,ChampionL,ahujasid,1,2,FALSE,"2,010",0,0.5,0,8 days 20:13:42,212.2283333
ahujasid/blender-mcp,https://github.com/ahujasid/blender-mcp/issues/110,2025-05-13T09:29:45Z,2025-05-27T18:56:12Z,JiXia830,ahujasid,2,2,FALSE,"2,070",0,1,0,14 days 09:26:27,345.4408333
blazickjp/web-browser-mcp-server,https://github.com/blazickjp/web-browser-mcp-server/issues/1,2024-12-25T14:53:09Z,2025-01-04T01:42:59Z,punkpeye,blazickjp,3,2,FALSE,544,0,1.5,0,9 days 10:49:50,226.8305556